COD_MUNIC;AGROTOXICO_AGRICOLA;AGROTOXICO_DOMESTICO;AGROTOXICO_SAUDE_PUBLICA;RATICIDA;PROD_QUIMICO;METAL
110001;109;16;3;22;11;
110002;44;32;1;68;30;2
110003;3;;;1;;
110004;96;16;2;36;22;
110005;13;1;;7;3;
110006;15;3;;2;;
110007;4;;;;;
110008;5;;;4;;
110009;25;5;1;6;27;
110010;7;3;;3;3;
110011;28;8;;13;8;1
110012;110;36;13;53;19;3
110013;9;5;;7;3;
110014;98;10;;8;3;
110015;9;4;;4;4;
110018;19;4;;9;39;
110020;30;25;25;115;48;1
110025;12;;;4;3;
110026;5;1;;;;
110028;92;22;2;29;32;1
110029;48;5;1;5;1;
110030;165;58;6;120;42;5
110032;35;12;;3;6;
110033;20;3;;2;1;
110034;32;2;;13;1;
110037;50;3;;3;2;
110040;21;4;;4;2;
110045;65;14;7;19;1;1
110050;16;1;;2;;
110060;4;4;;3;1;
110070;13;4;;2;2;
110080;3;;;3;1;
110090;11;3;;2;2;
110092;12;;;6;1;
110094;15;1;;4;1;
110100;4;;;1;2;
110110;14;2;;6;5;
110120;11;;1;1;1;
110130;21;4;;2;7;
110140;49;29;;7;7;
110143;15;1;;2;;
110145;17;2;;1;;
110146;4;;;;1;
110147;17;2;;4;2;
110148;4;;;1;;
110149;70;15;2;19;5;
110150;11;2;;;;
110155;5;1;;;;
110160;4;;;;1;
110170;22;2;;;;
110175;8;1;;1;;
110180;6;;;1;;1
120001;20;1;;3;1;
120010;33;7;;8;23;
120013;1;4;;4;;1
120017;5;1;;1;;
120020;6;9;1;22;10;
120025;10;1;;3;13;1
120030;1;1;;1;2;
120034;7;1;;;;
120035;1;;;1;;
120038;10;7;;6;4;
120040;63;37;4;105;71;3
120042;1;1;;5;1;
120043;;1;;;;
120045;43;6;1;7;7;1
120050;13;4;1;6;5;
120060;;;;;2;
120070;16;7;1;3;3;
120080;6;2;;1;;
130002;;;3;2;11;1
130014;102;33;2;10;6;
130020;;;;1;2;
130030;;;;;4;
130050;;;;1;1;
130060;2;2;;12;1;
130063;;1;;;;
130068;;;;;1;
130070;2;;;1;;
130080;2;1;;2;1;
130090;1;;;;6;
130100;1;2;2;1;1;
130110;;1;;1;;
130115;2;;;;;
130130;;1;;;;
130140;2;;;3;1;
130150;;;15;1;;
130165;1;1;;1;;
130170;3;1;1;3;2;8
130180;1;;;;;
130185;38;6;;1;45;
130190;20;56;5;60;60;2
130200;;;;1;;
130240;2;;;1;2;
130250;10;12;;16;11;1
130260;11;64;3;146;173;6
130270;2;1;;1;;
130290;;1;;;1;
130300;;1;;;;
130310;;;;;1;
130320;2;;;1;;
130330;6;2;;;;
130340;9;9;;11;6;
130353;4;3;;2;;
130356;4;1;;7;4;1
130400;1;;;;;
130406;8;2;;13;4;1
130420;6;6;1;14;2;
130426;;;;1;;
130430;;;;;1;
130440;1;1;;;;
140002;4;;2;4;1;1
140005;18;4;10;7;6;31
140010;51;86;60;303;190;3
140015;11;2;2;;1;
140017;9;1;;8;4;
140020;9;7;2;11;6;
140023;35;5;1;2;;
140028;6;2;;3;1;73
140030;20;2;1;7;6;
140040;;3;;;1;
140045;5;1;;2;2;1
140047;30;3;;11;6;
140050;10;9;12;7;2;
140060;3;;;2;2;
150010;5;1;6;8;31;3
150013;2;1;;;1;
150020;18;;;2;1;
150030;1;;2;1;2;
150034;7;2;;;2;
150040;2;;;;;
150050;;;;;1;
150060;9;4;1;15;4;1
150080;2;1;1;8;5;
150085;1;1;;;1;
150090;2;;;1;2;
150095;2;;;;;
150100;;;;1;;
150110;;;1;;;
150120;1;;;2;;
150125;20;4;;1;3;
150130;;;10;1;208;
150140;17;5;3;135;39;4
150145;50;1;;;7;
150150;1;;;;7;
150157;;2;;1;;
150160;24;1;;1;;
150170;4;2;;13;3;
150172;44;5;;3;2;
150175;4;;;;;
150178;9;3;1;4;2;
150180;;1;2;1;;
150190;4;;;1;;
150200;;;;;1;
150210;1;1;;1;2;
150215;3;4;;7;4;
150220;6;5;;9;3;
150230;4;2;;5;;
150240;17;16;;23;21;2
150250;1;3;;;;
150260;;;1;;;
150270;19;20;5;7;26;
150275;2;;;;1;
150276;1;;1;;;
150277;3;1;;1;;1
150280;;1;;;;
150285;2;;;;;
150290;8;3;;2;4;
150293;3;;;;;
150295;23;6;;2;8;
150304;14;2;;5;1;
150307;4;;;1;;
150309;8;;;7;2;
150320;13;4;;4;2;
150330;1;;;1;;
150340;7;2;;;2;
150345;12;2;225;1;4;
150350;8;2;18;4;8;
150360;8;6;;41;6;199
150370;6;;;5;3;
150375;2;1;;3;;
150380;4;;;8;;
150390;;1;;;;
150405;2;1;;;1;
150410;1;2;;;2;
150420;62;55;4;117;104;
150430;4;;;;2;
150440;1;;;1;1;
150442;;1;;3;2;
150445;7;1;;2;;
150460;1;2;;1;;
150470;7;2;;4;2;
150475;3;1;;1;1;
150480;28;1;;;;
150490;1;;;1;;
150495;7;;;1;;
150497;;1;;2;;
150500;;;;1;1;
150503;11;10;;16;5;1
150506;34;10;1;9;1;
150510;;1;;2;;
150530;3;3;;1;1;
150540;1;;;;;
150543;12;;;3;;1
150548;5;1;;8;1;
150549;2;;;1;;
150550;59;10;19;35;31;
150553;29;8;;15;31;
150555;1;1;;;;
150560;9;;;;2;
150563;36;12;;10;4;
150565;6;6;;11;;
150580;;;;;;2
150590;2;1;;4;;
150600;4;;;;1;
150610;;1;;;;
150611;;1;1;;3;
150613;17;1;;18;7;
150616;9;2;;3;1;
150618;6;1;;3;1;
150619;11;5;;6;1;
150620;;;;1;1;
150630;6;2;;;;
150650;3;16;1;3;5;
150655;62;3;2;;2;
150658;2;;;1;;
150660;4;;1;4;;
150670;20;10;;14;9;
150680;34;31;3;75;30;
150700;10;1;;2;;
150710;1;;;1;;
150715;3;;;1;2;
150720;3;;;1;;
150730;4;1;1;2;2;
150740;4;3;1;2;13;
150745;29;4;;25;27;
150746;2;1;;;1;
150747;1;1;1;;1;
150750;2;1;;;;
150760;1;;14;2;;
150770;;;;1;1;
150775;17;;;1;2;
150780;3;;;;;
150795;30;21;1;33;26;
150796;14;1;;;3;
150800;3;;;4;1;
150803;2;2;4;1;;
150805;13;5;1;3;2;
150808;12;1;;3;;
150810;42;15;1;28;13;
150812;24;3;;5;21;
150815;44;5;;1;3;
150820;2;;;2;11;
150830;3;;;2;1;
150835;6;2;1;3;5;
150840;23;18;2;14;7;1
160015;;;;1;;
160021;;1;;1;;
160023;;;;1;;
160025;2;;;;1;
160027;5;7;;6;4;
160030;3;4;;62;6;1
160050;;;;;1;
160053;;;;1;;
160060;;1;;1;1;
160080;1;1;;;;
170025;3;4;;1;;
170030;;;;1;1;
170035;1;2;;;3;
170040;1;1;;6;;
170070;12;1;3;2;12;
170100;29;4;;16;5;
170105;2;;;;1;
170110;4;5;;10;1;
170130;18;2;1;2;3;
170190;1;1;;2;;1
170200;14;15;;3;1;
170210;327;142;46;246;338;15
170215;4;;;2;2;
170220;8;3;;6;5;1
170230;15;4;;1;1;1
170240;4;3;;8;2;1
170255;3;4;1;1;4;
170270;1;1;;;;
170290;2;1;;3;1;
170300;10;2;;7;5;
170305;8;2;1;4;;
170307;4;;;3;7;
170310;8;;;3;;
170320;11;3;;4;;
170330;7;4;;;1;
170360;12;3;;3;;
170370;7;5;;3;6;
170380;3;1;;3;2;
170382;;;;1;;
170384;26;4;;3;4;
170386;15;2;;2;2;
170388;18;1;;2;6;
170389;1;;1;1;;1
170390;11;2;;;;
170410;9;2;;1;1;
170460;3;;;1;;
170510;3;1;;;1;
170550;109;70;9;37;24;
170555;2;1;;;;
170560;2;;;1;;
170600;5;;;1;1;
170610;7;1;;2;;
170625;2;1;;2;;
170650;6;1;;2;3;1
170700;34;6;;13;13;
170710;7;4;;10;1;
170720;18;2;;4;;
170730;1;1;;1;3;
170740;1;;;4;;
170755;4;5;;8;2;
170765;4;1;;3;1;
170770;10;;1;6;2;
170820;21;11;1;7;5;
170825;22;11;;3;4;
170830;5;1;;3;1;
170900;14;3;;10;1;
170930;55;37;6;10;19;
170950;24;44;4;54;23;
170980;7;2;;1;;
171050;3;;;4;2;
171070;7;2;1;3;;
171090;7;1;;;1;
171110;4;1;;1;2;
171150;1;;;1;2;
171180;7;1;;2;;
171190;100;9;1;8;4;
171195;8;2;;1;;
171200;1;2;;1;2;
171240;2;;;1;;
171245;1;1;1;;;
171250;13;2;;;;
171280;3;1;;1;;
171320;37;12;2;20;11;
171330;35;4;;4;5;
171360;10;8;1;13;2;
171370;7;5;;1;1;
171380;2;1;;;3;
171395;5;1;1;2;1;
171420;3;2;;7;2;
171430;1;;1;3;;
171488;11;;;15;7;
171500;5;4;1;3;;
171510;3;;;2;1;
171515;;1;;1;1;
171525;3;1;;1;1;
171550;1;;;1;;
171570;9;4;;2;1;
171575;14;4;;3;5;1
171610;37;29;2;26;38;1
171620;1;1;;6;1;
171630;2;;;;;
171650;10;10;1;3;4;
171660;18;7;;3;1;
171665;11;2;;2;;
171670;4;1;;9;3;
171700;4;2;;2;;
171720;1;1;;1;;
171750;14;3;;1;2;
171780;6;;;1;;
171790;4;1;;5;1;
171800;4;2;;1;1;
171820;66;55;1;96;49;1
171830;1;2;;;;
171840;2;5;;3;1;
171845;3;2;1;;1;
171850;;;;2;;
171855;21;4;;;1;
171865;;;1;;;
171870;17;1;;;1;
171875;6;2;;;1;
171880;;;;1;;
171884;5;1;1;2;1;
171886;5;;;2;5;
171888;5;3;;2;;
171889;1;2;;;;
171890;4;4;;2;1;
171900;3;1;;3;;
172000;;1;;1;5;
172010;6;1;;2;1;
172015;1;1;;7;1;
172020;2;;;4;;
172025;3;1;;1;;
172030;3;;;;1;
172049;2;3;;4;2;
172065;24;17;;7;4;
172080;5;;;;2;
172085;5;;;;2;
172090;7;3;;3;;
172093;;;1;1;1;
172097;8;;;1;;
172100;113;167;72;277;180;10
172110;2;2;1;1;1;
172120;16;8;6;5;24;
172125;;2;;1;;
172130;3;2;;3;1;
172208;11;;;10;5;
172210;9;2;2;15;4;
210005;1;;;2;;
210010;2;1;;;;
210030;;;;1;;
210040;;;;1;;
210043;1;1;;3;1;
210047;2;1;;;;
210050;6;;;3;1;
210060;13;2;;10;2;
210070;1;;;3;;
210080;5;1;;;;
210087;1;;;2;;
210090;;;;2;2;
210120;12;5;1;24;9;
210125;1;;;;1;
210130;1;;;;1;
210140;33;16;1;13;15;
210150;3;1;;4;1;
210160;32;34;11;46;46;4
210170;;;;;1;
210177;1;;;1;;1
210180;3;;;;1;
210200;1;;1;1;;
210203;1;1;;;;
210207;3;1;;;;
210210;3;;;1;;
210220;31;2;;2;;
210230;;1;;;;
210232;;;;3;1;
210235;1;;;1;;
210255;;4;;;;
210270;1;2;;3;1;
210275;;;;1;1;
210280;5;1;;3;1;
210290;1;;;;;
210300;10;4;2;23;27;
210310;;;;;1;
210317;;;;1;;3
210320;7;6;;6;1;
210325;1;;;;;
210330;6;;;3;4;14
210340;10;1;;15;1;1
210350;4;;;4;;
210360;12;3;;21;2;
210370;;;;1;;
210375;2;1;;;2;
210380;5;;;7;;
210390;;;;;1;
210405;2;1;;1;;
210407;5;1;1;1;;
210408;;;;;1;
210409;6;;;1;1;
210410;1;;;;;
210420;2;1;;2;;
210440;6;1;;4;1;
210450;1;;;;;
210455;1;;;2;1;
210460;7;;;2;1;
210462;2;;;1;2;
210465;1;4;;;;
210467;;;;;1;
210470;2;1;;1;1;
210480;4;2;;;;
210500;;;1;;;
210515;1;;;2;;
210520;;;;1;;
210530;15;19;4;61;28;2
210535;2;;;;1;
210540;1;1;;4;1;
210542;1;;;;;
210545;1;;;;;
210547;1;;;2;1;
210550;1;1;1;3;;
210560;4;;;1;;
210570;;;;2;;
210592;4;;;1;;
210594;;;;;1;
210596;;;;1;;
210598;;;;1;;
210600;7;2;;2;1;
210630;;1;;1;2;
210637;;1;;1;;
210640;4;1;;;;
210650;;;;2;;
210660;4;3;;;2;
210670;1;;;1;1;
210675;;;;2;;
210690;1;;;;;
210700;1;2;;4;1;
210720;;;;3;;
210725;1;;;;;
210735;;;;2;;
210745;1;;;;;
210750;;3;;9;3;
210770;3;2;;;2;
210780;1;1;;1;;
210790;;;;3;2;
210810;1;;;;1;
210820;5;1;;9;1;
210825;;;;1;;
210830;;;;1;;
210845;3;2;;2;;
210850;;;;4;1;
210860;;1;;11;1;1
210900;3;1;;4;2;1
210910;23;4;3;27;8;
210923;1;;;;;
210945;;;;;1;
210950;2;;;1;;
210955;;;;;1;
210960;;1;;3;;
210970;2;;;;;
210975;5;1;;;;
210980;;;;2;;
210990;5;6;1;15;1;
211000;6;2;;10;;
211003;;;;;1;
211010;1;;;;;
211020;3;1;;1;2;
211030;2;;;1;1;
211050;1;;;;;
211060;2;;;4;;
211070;1;1;;;2;
211080;2;;;;;
211085;2;;;1;1;
211090;1;;;1;2;
211100;;;;;1;
211102;1;;;1;;
211105;2;;;;;
211107;2;;;;;
211110;5;;;3;;1
211120;2;3;;22;11;1
211125;3;1;;1;1;
211130;6;20;18;148;64;4
211140;3;2;;1;1;
211150;;1;;;;
211153;;;;2;;
211160;1;;;;;
211167;1;;;;;
211172;;1;;1;;
211174;3;;;;;
211176;1;3;;1;;
211180;2;;;;;
211190;1;;;;;
211195;1;;;;;
211200;3;;;1;;
211210;7;2;;3;3;
211220;2;3;;14;13;1
211223;1;1;;;1;
211230;7;;;;5;
211250;;;;2;1;
211260;;;;1;;
211270;;1;;;;
211280;;;;2;1;
211285;4;1;;;;
211290;;2;1;;;
211300;1;;;;;
211400;3;2;6;9;1;
220005;4;;;;;
220020;3;1;;3;1;
220025;;;;;1;
220027;;;;4;;
220030;;2;;;;
220040;;1;;1;3;
220045;6;1;;1;1;
220050;;;;1;2;
220080;1;;;;;
220095;;;;1;1;
220100;4;;;1;1;
220105;;;;1;;
220110;1;;;1;;
220115;14;1;;4;2;1
220120;2;2;;6;3;
220140;1;1;;;;
220150;4;1;;3;1;
220157;4;;1;;;
220160;1;;;;;
220170;1;;;1;1;
220177;2;;;;1;
220180;1;;;;;
220190;27;10;2;9;15;
220191;1;1;;2;1;
220194;;;;1;;
220196;1;1;;;2;
220200;2;5;;3;1;
220202;2;;;1;;
220205;;;;1;;
220207;1;;1;;1;
220208;1;1;;;1;
220210;;;;;1;
220211;;;1;;;
220213;4;5;;3;1;
220217;1;;;;1;
220220;1;;;12;3;
220230;3;2;;4;;
220240;2;;;3;1;
220250;;;;2;;
220253;6;1;;1;;
220255;1;;;;1;
220260;;1;;;;
220265;1;1;;2;;
220270;4;;1;5;2;
220272;;1;;;1;
220273;;;;1;;
220275;3;;;1;;
220277;2;;;3;;
220290;4;2;;;3;
220300;1;;;;;
220310;3;1;;3;;
220320;;;;2;;
220323;3;1;;2;;
220327;1;;;;;
220330;;;;1;1;
220335;;;;;1;
220340;2;1;;1;;
220350;;;;;2;
220370;10;2;;7;2;
220380;2;1;;2;;
220385;;;;1;;
220390;16;12;3;30;54;
220410;1;;;1;1;
220415;1;;;;;
220420;;;;2;3;
220435;2;;;1;2;
220440;2;;;6;;
220450;6;;;2;1;
220460;;;;1;;
220465;;2;1;2;6;
220470;2;1;;1;2;
220480;;;;2;1;
220500;;;;2;4;
220510;;;;1;1;
220527;;;;1;;
220530;3;;;1;2;
220540;2;2;;2;1;
220550;3;;;2;2;
220553;1;;;;;
220554;1;;;;2;
220555;1;;;;;
220558;;;;1;;
220560;1;;;;;
220570;12;3;;9;1;
220580;1;;;;;
220585;1;;;;;
220590;;1;;1;;
220595;1;2;;1;;
220610;;1;;;1;
220620;10;2;;2;2;
220635;;;;;1;
220640;1;;;2;;
220650;5;4;;1;;
220660;1;;;2;;
220667;5;1;1;;;
220669;2;1;;2;;
220670;2;1;;1;1;
220672;2;1;;4;1;
220680;2;;;;1;
220690;1;1;;;1;
220695;1;;;;;
220700;9;4;3;7;8;
220710;2;;;1;;
220720;1;1;;1;1;
220735;2;1;;;;
220740;2;;;;;
220750;1;;;;;
220755;1;1;;2;;
220760;;;;1;2;
220770;24;52;1;91;52;1
220775;;;1;;;
220777;;;;1;;
220780;4;1;;3;2;
220785;1;;;;;
220790;1;;1;;1;1
220795;1;;;;;
220800;14;33;5;43;23;
220820;5;;;2;1;
220830;1;1;;;1;
220840;31;13;8;12;16;1
220850;1;1;;;;
220855;;;;;1;
220865;3;;;;;
220870;6;1;;1;;
220880;;;;1;;
220890;;;;1;;
220900;2;;;1;;
220910;1;;;2;;
220920;1;;;;;
220930;1;1;;;;
220935;;;;;1;
220937;;;;1;;
220940;1;1;;1;3;
220945;;1;;;;
220955;;;;1;;
220960;;;;2;;
220970;1;;;;;
220980;2;;;2;;
220985;;2;;;;
220987;;1;1;;;
220990;1;;;2;;
220995;1;2;;1;;
220997;3;;;1;;
221000;;;;1;;
221005;1;;;;;
221010;;1;;;;
221020;2;1;;2;1;
221030;;;;3;;
221037;;;;1;;
221038;;;;;1;
221039;;;;;1;
221040;1;;;2;2;
221050;12;;2;2;3;
221060;;1;;;1;
221062;;1;;;1;
221063;6;;;;3;
221070;6;1;;3;;
221080;3;;;;1;
221090;;;;;1;
221093;2;;;3;;
221100;69;121;2;377;178;6
221110;6;;;4;;
221120;8;2;;;4;
221130;1;1;;;1;
221140;3;;;;;
221150;;1;;;4;
221160;;;;1;;
230010;2;1;1;;;
230015;1;2;;2;4;
230020;19;1;;18;6;
230030;17;5;;3;2;
230040;1;;;;1;
230050;1;;;4;;1
230060;;1;;1;;
230070;5;3;;3;2;
230075;2;;;1;2;1
230080;4;;;1;;
230090;2;1;;1;2;
230100;12;6;1;6;21;1
230110;22;7;1;38;46;
230120;8;5;;3;1;
230125;1;;;2;;
230130;3;;;;;
230140;19;4;;7;1;
230150;3;;;;;
230160;5;2;;1;3;
230170;6;;;;1;
230185;6;2;;2;3;
230190;30;34;8;53;38;5
230195;8;;;1;;
230200;1;;;1;;
230205;1;1;;;;
230210;14;1;;6;5;
230220;9;;1;3;4;1
230230;50;5;;22;6;1
230240;6;3;1;6;1;1
230250;44;6;1;21;14;1
230260;1;1;;13;4;
230270;;1;1;1;1;
230280;22;23;1;29;14;2
230290;9;;;1;;
230300;4;2;;3;;
230310;12;4;1;3;4;1
230320;2;1;;2;3;
230330;30;4;;3;3;
230340;7;1;;5;;
230350;12;7;;8;12;
230360;3;1;;1;;
230365;;;;2;;
230370;46;25;3;140;44;5
230380;2;;;;;
230390;1;;;1;;
230393;9;1;;1;;
230395;2;;;1;1;
230400;11;1;;3;;
230410;12;7;;29;18;
230420;12;9;3;27;19;3
230423;18;2;2;7;3;1
230425;14;4;;7;2;
230426;2;;;;;
230427;7;3;;;;
230428;18;6;1;14;12;1
230430;21;4;;2;11;
230435;5;5;;8;1;
230440;756;292;11;563;456;59
230445;2;;;1;1;
230450;12;;1;14;2;1
230460;2;1;;;2;
230465;4;1;;3;1;
230470;7;;1;4;3;
230480;3;;;;;
230490;3;2;;4;2;
230495;16;8;20;;3;
230500;49;2;1;27;5;
230510;2;1;1;3;2;
230520;3;;;5;;
230523;19;4;;25;23;
230526;2;;1;;;
230530;35;7;;11;4;
230533;1;;;;;
230535;6;;;5;1;
230540;21;8;;9;8;1
230550;84;32;;43;24;1
230560;1;1;;1;1;
230565;1;2;;2;;
230570;4;;;;;
230580;14;2;2;10;4;
230590;5;2;;12;;
230600;9;6;;8;9;
230610;3;2;;8;;
230620;4;1;;2;6;1
230625;5;;;10;6;
230630;11;2;;5;4;
230640;9;2;1;13;4;6
230650;6;2;1;;2;
230655;12;5;;20;10;
230660;2;2;;4;;
230670;1;;1;2;2;
230680;4;1;;2;2;
230690;20;7;;11;17;
230700;9;2;;5;7;
230710;5;;;3;1;
230720;2;2;1;1;;
230725;;3;;1;1;1
230730;5;16;2;33;16;2
230740;14;2;;1;;
230750;4;;;1;;
230760;38;13;1;15;19;1
230763;2;;;2;2;
230765;40;19;3;53;45;3
230770;50;11;;19;7;1
230780;10;;2;8;2;1
230790;3;;3;8;1;
230800;10;1;;20;11;
230810;5;1;;1;2;
230820;3;2;;6;1;
230830;6;1;8;4;;
230835;4;2;;;;
230837;;;;;1;
230840;13;1;;8;2;2
230850;7;1;;;;
230860;;;;2;;
230870;27;7;;3;3;2
230880;3;;;2;2;
230890;3;2;;4;1;
230900;4;2;;5;1;
230910;8;;;1;1;
230920;1;1;;1;;
230930;6;7;;21;7;
230940;2;;;4;5;
230945;10;1;3;2;2;1
230950;6;1;;2;1;
230960;16;5;2;19;7;
230970;11;4;;11;10;1
230980;;;;;1;
230990;1;1;;;3;
231000;1;1;;;2;
231010;5;;;1;3;
231020;12;1;;9;1;
231025;7;;;;1;
231030;1;1;;;3;2
231040;4;;;2;2;
231050;16;2;2;11;4;1
231060;2;;;;;
231070;5;1;;3;1;
231080;2;;;2;1;1
231085;3;;1;3;2;
231090;12;2;;5;2;
231095;6;;;1;;
231100;;;;1;;
231110;16;;;5;1;
231120;2;1;;;;
231123;2;1;;;1;
231126;3;2;;3;1;
231130;30;15;3;30;12;
231135;8;;;2;1;
231140;23;12;1;6;22;
231150;16;2;;6;2;
231160;10;3;;3;1;
231170;16;7;1;15;3;1
231180;15;10;1;7;5;
231190;5;;;;;
231195;2;;;1;;1
231200;6;;;3;3;
231210;1;1;;;;
231220;6;2;;5;4;
231230;30;4;1;27;7;
231240;9;4;1;11;4;1
231250;3;2;;1;;
231260;3;3;;;;
231270;2;1;;1;1;
231280;1;;;5;;
231290;81;35;1;155;65;3
231300;;;;;1;
231310;11;4;;2;4;
231320;1;1;1;3;1;1
231325;4;1;;;;
231330;2;1;;1;1;
231335;1;1;;1;;
231340;114;8;2;60;13;1
231350;9;4;;3;1;1
231355;1;;;;;
231360;100;4;46;20;6;
231370;1;;;;;
231375;2;;;1;1;
231380;4;3;;2;1;
231390;3;;;1;;
231395;15;3;;3;3;
231400;37;13;1;8;6;
231410;66;2;;26;6;1
240010;1;;;3;4;
240020;20;4;2;10;15;1
240030;;;;2;1;
240040;2;;;;;
240050;2;1;;;1;
240060;;;;;1;
240070;;;;;4;
240090;;1;;;;
240100;7;2;;1;2;
240110;;19;1;12;20;
240120;;;;2;;
240130;;;;1;;
240140;;2;;1;1;
240145;7;1;;3;1;
240170;;;;1;;
240180;2;;;6;2;
240185;;;;2;;
240200;2;4;4;7;10;1
240210;1;;;1;;
240220;4;2;1;4;10;
240230;1;;;5;17;
240240;1;;;2;1;
240250;2;;;2;;
240260;2;7;;14;13;
240270;3;;;1;;
240280;1;;;;;
240300;2;1;;3;1;
240310;7;3;1;25;9;
240320;;;;;1;
240325;1;6;1;72;30;2
240330;1;1;;1;;
240340;2;;;3;;
240350;1;;;;;
240360;;;1;8;4;
240370;1;;;;1;
240380;1;;;;;
240390;;1;;;;
240400;;;;4;;
240420;1;;;1;1;
240430;5;2;;;;
240440;;;;1;2;
240450;;;;1;1;
240460;2;;;1;;
240470;3;;;1;3;
240480;1;;;;;
240500;1;;;;;
240510;;;;;1;
240520;;;;;1;
240530;;;;1;1;
240560;3;1;;2;;
240570;1;;;1;1;
240580;3;;;7;3;1
240590;;;;1;;
240610;;1;;1;;
240615;3;;;;1;
240620;;;;2;;
240630;1;;;1;1;
240650;;1;;1;;
240660;;;;3;;
240670;;;;;1;
240700;2;;;;;
240710;15;17;;44;44;
240720;;;;2;;
240725;1;;;;;
240730;1;1;;1;;
240740;;;;1;;
240750;1;;;1;;
240760;;1;;;;
240770;;;;2;;
240780;2;;;3;1;
240800;16;41;5;84;88;1
240810;9;41;8;267;153;9
240820;;3;;3;2;
240830;17;6;;13;10;1
240850;1;;;1;3;
240880;1;;;2;;
240890;3;;;4;5;
240895;;;;1;;
240910;;;;1;;
240920;2;;;;;
240930;;1;1;1;3;2
240933;;;;2;1;
240940;2;2;;1;3;
240950;;;;1;;
240980;1;;1;2;;
240990;;;;1;74;
241000;;;;;1;
241010;;;;;1;
241025;1;;;;;
241050;;1;;;;
241060;;;;1;1;
241090;;;;1;;
241100;1;;;;;
241105;;;;;3;
241120;;1;;2;;
241140;1;;;;1;
241150;2;6;1;2;7;1
241160;;;;2;;
241180;;1;;3;;
241190;;1;1;2;;
241200;;3;;13;1;
241220;6;1;;5;3;
241230;1;;;1;8;
241240;1;;;;;
241250;;;;2;3;
241260;;;;1;1;
241270;1;;;;;
241280;;;;1;;
241290;;;;1;;
241300;;;;3;;
241330;;;;;1;
241335;;;;1;;
241340;1;;;;;
241350;1;;;4;2;
241360;;;;;1;
241380;;;;;1;
241390;;;;2;;
241400;;;;1;;
241415;3;;;1;;
241420;2;;;;1;
241440;5;;;;2;
241445;;1;;;;
241450;1;;;;1;
241470;;2;;;1;
241475;;;;1;;
241480;;;;2;;
241490;;;;;1;
250010;2;;;1;;
250020;1;1;;1;1;
250030;2;2;;12;3;2
250040;4;3;;8;2;1
250050;1;;;3;2;
250053;;;;2;;
250060;6;1;;10;4;
250070;4;1;;1;1;
250080;6;1;;5;1;
250090;1;;;1;2;1
250100;2;;;6;;
250110;5;1;;3;;
250120;2;2;;;1;
250130;4;4;;3;1;
250140;;;;;1;
250153;3;1;;2;;
250157;2;;;;;
250160;1;;1;3;1;
250170;1;1;;;1;
250180;4;8;;59;14;2
250190;5;;;4;3;
250205;2;;;1;;
250210;5;;;;;
250215;3;1;;1;2;
250220;5;2;;;;
250250;8;3;;3;;
250260;2;;;;;
250270;1;1;;2;;
250300;2;1;;11;2;
250310;1;1;;;2;
250320;1;21;1;53;37;1
250330;3;;1;1;2;
250350;6;;;2;;
250360;1;;;;;
250370;12;8;2;7;15;
250375;;;1;;;
250380;1;1;;2;;
250390;;;;3;;
250400;108;117;46;277;160;14
250403;;;;1;;
250407;1;;;;;
250410;;;;1;;
250415;;;;1;;
250420;;1;;1;1;
250430;9;4;;5;16;1
250435;1;;;;1;
250440;1;;;;;
250460;6;4;;16;10;
250480;1;3;;3;2;
250490;2;;;3;5;
250500;5;1;;;;
250510;1;2;;4;1;
250520;;1;;4;1;
250527;;;;1;;
250530;1;1;;;1;
250535;1;;;;;
250550;;;;1;;
250560;1;;;1;3;
250570;2;;;1;1;1
250580;2;;;1;;
250590;2;;;;;
250600;4;5;;12;4;
250610;13;;;7;3;
250620;1;1;;;;
250625;2;;;2;1;
250630;6;18;1;23;25;
250640;;1;;4;3;
250650;;3;;;;
250660;;;;;1;
250670;1;;;2;;
250680;6;2;;3;3;
250690;5;3;;14;3;
250700;11;4;;4;6;
250710;;1;;5;1;
250720;3;2;;;;
250730;;1;;3;;
250750;35;162;7;562;345;28
250760;2;1;1;2;2;
250770;1;;;2;1;
250780;;;;1;;
250790;1;;;4;;
250800;9;;;2;1;
250820;1;;;1;1;
250830;11;4;1;10;6;
250850;8;1;;;;
250855;;1;;;;
250860;1;1;;5;1;
250870;;;;;1;
250880;;;;2;;
250890;;2;;7;;2
250900;7;3;;3;;
250905;;;;2;;
250910;1;;;3;1;
250920;2;;;4;2;
250930;1;;;;1;
250933;;;;1;;
250937;2;;;;;
250939;;1;;;;
250940;3;;2;2;;
250950;;1;;1;;1
250960;;;;2;;
250970;5;1;;22;5;
250980;2;;;6;1;
250990;4;;;2;;
251010;1;;;2;;
251020;3;3;;3;;
251030;1;;;;2;
251040;6;;;;;
251050;;;;;1;
251060;;;;2;;
251080;2;2;;15;7;
251100;5;1;;;1;
251110;;;;;1;
251120;16;1;;14;;
251130;6;9;1;4;3;
251140;3;4;4;2;4;
251150;1;1;;;1;
251160;;;;2;1;
251170;1;;;2;;
251180;1;2;;6;1;
251190;3;;;5;;
251200;1;6;;3;4;
251203;1;;;;1;
251207;1;;;;;
251210;3;7;;10;7;3
251220;;;1;;;
251230;22;7;;7;11;1
251240;3;1;;4;1;
251250;10;3;;9;2;
251260;1;;;;;
251270;1;;2;1;1;
251272;;;;1;;
251274;1;;;2;;
251275;1;1;;2;2;
251276;1;;;;;
251278;;;;;1;
251280;1;1;;1;;
251290;;;;2;1;
251310;1;;;2;;
251315;2;;;1;;
251320;;;;1;;
251330;1;;;;1;
251335;1;;;;;
251340;3;8;1;;3;
251350;3;;;;1;
251360;10;;;1;1;
251370;5;16;2;56;24;1
251390;2;3;;;1;
251392;3;;;;;
251394;;;;;1;
251400;1;;;;;
251410;;;;1;;
251420;1;;;1;;
251430;7;1;;1;;
251440;2;;;;;
251445;;;;2;;
251450;3;;;1;2;
251455;3;1;;1;;
251460;1;1;;;1;
251480;;;;2;;
251500;1;;;1;;
251510;3;;;4;2;
251520;1;;;1;;
251530;4;1;;15;2;
251540;;1;;;;
251570;4;1;;;2;
251580;3;;;;5;
251593;1;;;1;1;
251597;;;;1;;
251600;5;3;;5;;
251610;3;2;;5;5;
251620;9;3;;6;4;
251630;1;;;4;;
251640;1;;;;;
251650;2;4;;2;;
251660;7;;;1;;
251670;9;1;;1;1;
251675;;1;;;1;
251680;2;2;;;;
251690;2;;;;1;
251700;2;1;;3;;
251710;1;;1;;;
251720;1;;;;;
260005;63;16;;53;33;3
260010;16;14;2;30;33;
260020;18;2;;3;2;
260030;10;5;2;14;3;
260040;12;1;;5;3;
260050;13;5;2;13;7;
260060;2;1;;1;1;1
260070;15;;;8;12;2
260080;16;6;1;8;1;
260090;19;4;1;3;4;
260100;3;1;;4;;1
260105;13;1;;3;3;
260110;48;7;1;3;8;
260120;35;28;1;70;42;1
260130;24;2;;4;;1
260140;13;2;;5;4;
260150;2;1;;7;2;
260160;39;2;;4;3;1
260170;32;19;1;27;22;
260180;1;1;;2;1;
260190;49;14;;18;10;
260200;37;9;;12;7;
260210;18;1;;4;10;
260220;14;3;;6;1;
260230;22;4;;6;5;
260240;7;3;;3;1;
260250;7;1;26;3;3;
260260;17;5;3;11;7;
260270;8;;;1;2;
260280;15;4;;14;10;
260290;102;55;5;85;78;2
260300;73;4;3;10;7;
260310;5;7;;9;2;
260320;3;6;;3;2;
260330;12;2;2;2;1;
260340;2;2;;4;2;1
260345;92;29;2;81;51;2
260350;23;6;;3;3;
260360;2;;;;4;
260370;6;1;;6;1;
260380;6;3;;8;1;
260390;17;5;2;10;19;1
260392;18;3;;6;2;
260400;15;8;1;18;14;1
260410;163;112;5;227;107;4
260415;5;3;1;1;6;
260420;9;3;;11;1;2
260430;15;3;1;5;4;
260440;11;;;7;3;
260450;57;12;1;8;10;
260460;24;4;;14;18;2
260470;15;3;;2;4;
260480;16;3;;4;1;1
260490;4;1;;4;;
260500;5;3;;5;2;
260510;10;3;;19;2;
260515;11;4;1;9;4;1
260520;25;10;;26;11;1
260530;16;13;5;18;8;
260540;5;2;;4;1;
260545;2;1;;1;5;
260550;14;1;;3;;
260560;3;;;5;4;
260570;33;2;;29;7;
260580;;;;;1;
260590;11;4;;5;4;
260600;63;20;1;66;34;
260610;12;1;;2;7;
260620;69;45;3;65;178;3
260630;4;1;;;1;
260640;101;19;5;61;29;2
260650;6;1;;;2;
260660;22;2;;8;1;
260670;2;3;;1;;
260680;39;18;;36;51;1
260690;9;7;1;4;5;
260700;16;2;;3;1;
260710;3;;;3;1;
260720;43;17;4;36;47;
260730;39;5;1;9;7;
260740;12;;;2;;
260750;3;;;1;3;
260760;14;9;;23;13;1
260765;11;3;1;7;3;
260770;5;;1;6;2;
260775;17;;;10;4;
260780;13;3;;4;6;
260790;505;186;5;447;360;8
260795;3;2;;8;1;
260800;4;5;1;2;3;1
260805;1;2;;2;2;
260810;13;5;;4;4;1
260820;5;1;;10;4;1
260825;17;1;;5;2;
260830;10;5;1;11;2;
260840;47;1;;2;1;
260845;10;7;;4;7;
260850;8;;;7;11;
260860;62;9;;10;4;
260870;8;3;;7;1;
260875;77;8;;5;7;
260880;13;8;;16;11;
260890;56;17;3;59;38;2
260900;10;1;;3;4;
260910;3;1;;4;;
260915;6;1;;5;2;
260920;12;;;2;;1
260930;13;4;4;14;;1
260940;53;12;;31;27;
260950;13;3;;10;15;
260960;345;136;4;324;229;10
260970;12;;;3;1;
260980;91;7;4;4;4;1
260990;89;34;10;38;43;1
261000;51;6;;30;15;1
261010;6;;;2;2;
261020;10;5;;5;2;
261030;5;1;;5;2;
261040;17;6;;7;5;
261050;19;6;;3;5;
261060;28;9;;16;6;2
261070;234;79;2;135;121;6
261080;3;2;;10;3;
261090;30;10;1;32;21;1
261100;66;5;;7;12;1
261110;420;146;9;221;220;3
261120;5;1;;4;1;
261130;15;4;;5;4;
261140;6;5;;4;1;
261150;4;;;7;2;
261153;4;1;4;3;1;
261160;1219;412;17;906;847;34
261170;4;2;;4;2;
261180;13;1;;6;3;
261190;18;2;;6;8;
261200;14;1;;5;;
261210;3;;;;;
261220;69;80;4;59;37;3
261230;2;5;;5;1;
261240;8;11;1;7;3;
261245;19;4;3;4;2;1
261247;6;;;7;1;
261250;11;20;4;67;50;3
261255;11;2;;4;1;
261260;191;12;2;10;8;1
261270;5;;;1;;
261280;;1;1;4;1;
261290;9;;1;5;2;
261300;16;6;4;18;15;
261310;17;9;1;14;7;1
261320;18;3;;6;2;1
261330;24;5;;4;2;
261340;9;2;;3;6;
261350;25;6;;8;5;
261360;4;4;2;18;11;2
261370;74;29;4;94;46;
261380;44;2;;8;2;
261390;42;34;2;90;27;10
261400;17;2;;3;;
261410;9;3;;18;4;
261420;10;1;;5;14;
261430;3;;;1;2;
261440;3;;1;;;
261450;23;3;;12;3;1
261460;8;1;;7;5;
261470;5;;;4;1;1
261480;7;1;;5;1;
261485;6;6;;5;12;
261500;2;3;;4;3;
261510;16;2;;2;2;
261520;17;3;;11;1;
261530;63;8;3;41;28;1
261540;7;;;5;2;1
261550;2;;;4;2;
261560;27;6;;8;15;
261570;6;2;;5;1;1
261580;5;3;;5;4;
261590;1;1;;1;1;
261600;7;1;1;8;2;
261610;6;4;;8;4;
261618;;1;;;;
261620;;1;;4;3;
261630;11;;;;3;
261640;154;56;5;105;97;16
261650;7;1;;4;1;
270010;3;;1;1;;
270020;4;3;;11;;
270030;366;173;9;380;248;6
270040;3;2;;24;4;
270050;;4;;5;1;
270060;;;;2;2;
270070;6;3;;7;2;1
270080;2;1;;1;;
270090;6;3;;;1;
270100;2;;;7;;
270110;2;1;;9;;
270120;4;4;;2;1;
270130;3;;;9;2;
270135;4;2;;1;;
270140;25;11;6;28;2;1
270150;14;6;;9;1;
270160;3;2;;2;10;
270170;1;1;;4;2;
270180;2;;;3;2;
270190;;;;2;;
270200;36;5;2;12;3;
270210;5;1;;10;5;1
270220;;;1;5;4;
270230;7;3;;6;1;
270235;140;15;6;28;11;1
270240;3;6;2;27;20;1
270250;;;;1;4;
270255;2;1;;6;2;
270260;116;11;;14;8;1
270270;1;1;;;;
270280;7;2;;5;;
270290;153;16;;44;11;
270300;3;1;;3;2;
270310;46;10;;33;1;
270320;185;1;;7;3;
270330;1;1;1;7;2;
270340;2;3;;1;2;
270350;3;;;;;
270360;;;;;1;
270370;5;2;;;3;
270375;;;;1;;
270380;1;3;;6;2;
270390;3;2;;3;;
270400;31;7;3;15;5;
270410;100;11;2;33;13;
270420;105;13;1;31;5;
270430;16;55;4;378;191;2
270440;6;3;;16;4;1
270450;2;;;5;4;
270460;1;;;5;5;
270470;2;8;;40;14;
270480;5;6;1;17;;
270490;;1;;1;;
270500;4;;1;6;3;
270510;2;;;4;4;
270520;1;;;6;1;
270530;;;;2;1;
270540;1;1;1;2;1;
270550;1;1;;;1;
270560;;;;2;;
270570;1;2;1;9;12;
270580;3;1;;2;1;
270590;7;2;;;;
270600;;;;;8;
270610;;;;1;5;1
270620;;;2;;2;
270630;43;21;4;53;37;2
270640;;1;1;8;11;
270642;1;;1;4;5;
270644;;2;;13;2;
270650;2;;;3;1;
270660;3;;;;3;
270670;9;7;;55;3;
270680;1;1;7;6;2;1
270690;;;;26;1;
270710;2;1;;6;;
270720;2;;;4;5;2
270730;3;1;;7;;
270740;1;;;2;;
270750;3;1;1;4;1;
270760;14;1;;3;3;
270770;6;6;;52;19;1
270780;;1;;;;
270790;;1;;4;4;
270800;4;5;1;18;42;2
270810;5;1;;2;2;
270820;;1;;;;1
270830;3;3;;5;5;
270840;4;2;1;4;11;
270850;2;;;6;;
270860;4;1;;9;2;
270870;;2;1;4;;1
270880;45;11;1;29;12;
270890;;3;;4;3;
270895;5;;;7;10;
270900;14;3;;2;4;
270910;47;9;;22;9;
270915;12;8;1;21;4;
270920;24;8;;14;5;
270930;16;5;3;29;12;
270940;9;1;;7;2;
280010;1;;;;;
280020;3;;1;1;1;
280030;32;73;5;355;67;6
280040;3;;;1;;
280050;3;4;;1;1;
280060;;2;;15;9;
280067;2;1;;1;1;2
280110;2;;;;;
280120;12;1;;2;3;
280130;2;1;;4;1;
280140;4;1;;;3;
280150;1;;;5;2;
280160;;2;;3;2;
280170;3;;;3;1;
280200;2;1;;;;
280210;2;3;;12;10;
280220;1;2;;1;1;
280230;1;;;3;;
280240;2;2;;;;
280260;5;;;2;3;
280270;1;;;2;1;
280280;1;2;;1;3;
280290;2;1;;14;5;
280300;1;;;3;;
280310;2;1;;;1;
280320;4;2;;4;3;
280330;2;1;;3;2;
280340;1;;;2;1;
280350;26;4;1;18;7;
280360;4;1;;15;1;
280370;1;;;;;
280380;1;1;;;2;
280390;;3;;1;;
280400;;1;;8;2;
280410;1;;;;;
280420;8;;;1;;
280430;2;;;;2;
280440;2;;1;3;;
280445;2;1;;;2;
280450;13;4;;3;12;1
280460;3;1;;3;;
280470;2;;;1;;
280480;25;28;3;140;31;
280490;5;;1;2;;
280500;1;;;1;;
280510;;;;1;;
280520;;;;1;;
280530;2;2;;3;1;
280540;2;;;;;
280550;9;1;;1;;
280560;;2;;;;
280570;5;3;;6;9;1
280580;2;;;;2;
280590;1;2;;9;;
280600;2;1;;;;
280610;1;;1;2;2;
280620;14;3;;2;;
280630;;2;;4;;
280650;;;;3;;
280660;1;1;;11;;
280670;13;17;;84;15;
280680;1;;;1;1;
280690;;;;2;1;
280700;;1;;;;
280710;36;2;;9;4;1
280720;;2;;2;1;
280730;;1;;2;;
280740;;;;;2;1
280750;3;;;2;;
280760;1;1;;;;
290020;87;4;;9;4;
290030;1;;;;;
290035;25;;1;1;1;
290040;2;1;;1;1;
290060;7;;;1;2;
290070;8;4;8;59;14;2
290080;;;;1;2;
290090;1;;;4;1;
290100;3;2;;9;21;1
290110;2;2;1;4;;
290115;5;;;1;1;1
290120;;;;1;1;
290130;1;;;;;
290135;1;;;1;1;
290140;4;;2;1;2;
290150;2;1;;2;1;
290160;1;;;1;1;
290170;1;1;;2;1;
290180;1;;;1;;
290190;1;;;;;
290195;8;;;;2;1
290200;6;1;;;;
290205;;;;2;;
290210;2;2;;2;4;2
290220;;;;2;1;
290225;1;;;5;;
290230;;;;1;;
290240;1;;;2;1;
290250;2;1;;;;
290260;;;5;4;3;
290265;1;;;;;
290270;1;2;;6;;
290280;16;1;;4;4;
290290;10;1;;10;4;
290300;1;;;;;
290310;7;4;1;4;3;1
290320;34;18;10;44;29;
290323;;;;1;;
290327;;1;3;;1;
290330;4;1;;3;;
290340;13;1;;14;1;
290350;;1;;;;
290360;2;1;;2;;
290370;3;1;;3;1;
290380;3;;;;;
290390;14;3;;2;2;
290395;2;;;;;
290400;7;;;;;
290405;3;2;;2;1;1
290410;1;2;;2;;
290420;8;10;1;1;9;
290430;10;;;2;2;
290440;10;1;;1;;
290450;1;;;2;;
290460;7;1;;1;3;
290470;4;1;;9;1;
290475;1;;;;;
290485;4;1;;2;1;
290490;;2;;6;1;1
290510;;;;2;;
290515;3;1;;1;2;
290520;3;;35;1;4;
290530;19;;6;6;1;
290540;;;3;1;2;
290550;;2;;1;;
290560;5;1;3;5;;
290570;4;13;8;88;51;13
290580;1;;3;8;;
290590;1;;;1;;
290600;29;13;1;18;11;1
290610;1;1;;;;
290620;9;;;3;;
290630;1;;;6;2;
290640;;;;1;;
290650;4;1;;49;126;1
290660;5;;;;1;
290670;;;1;1;;
290680;1;;;5;3;
290682;1;1;;3;;
290685;1;;1;1;1;
290687;1;2;;3;7;
290689;2;;;2;;
290690;4;;;;1;
290710;22;2;;8;2;
290720;27;3;2;11;3;1
290730;1;1;;8;2;
290740;7;;;;;
290750;7;6;2;32;12;1
290760;1;;;1;;
290770;3;1;;3;1;
290780;;;;4;;
290800;2;2;1;;1;1
290810;4;;;;2;
290820;4;1;5;15;2;
290830;7;1;2;8;6;
290840;4;4;;4;7;1
290850;9;4;;13;1;
290860;4;;;;;1
290870;4;2;;1;3;2
290880;1;;;;;
290890;3;1;;4;1;1
290900;;;;1;1;
290910;;;;1;;1
290920;3;1;;3;;
290930;22;8;2;10;4;
290940;4;;1;2;1;
290950;3;1;;3;;
290960;5;;;;;
290970;2;;;;1;
290980;10;9;;27;19;
290990;44;1;;5;2;
291000;13;;;2;4;1
291005;;4;2;21;10;1
291010;32;1;1;2;2;1
291020;;1;;;;
291030;2;;;;;
291040;3;1;;2;1;
291050;2;;;9;1;
291060;1;3;;7;1;
291070;1;2;;3;1;
291072;49;9;9;60;28;1
291075;32;3;1;2;2;
291077;;;;;1;
291080;142;62;10;286;76;15
291085;2;;1;;;
291090;1;;;;;
291100;;1;;1;;
291110;19;1;1;3;3;
291120;26;1;;6;4;
291125;;1;;1;1;
291130;1;;;2;;1
291140;32;2;;2;4;
291150;1;1;;1;;
291160;9;2;;9;3;
291165;;1;;;1;
291170;36;6;1;38;16;
291180;6;;;5;1;
291185;;;;1;;
291190;3;;1;2;;
291200;1;;;1;8;
291210;;;2;5;;
291220;29;2;1;5;3;
291230;2;;;1;;
291240;;1;1;2;2;
291250;1;2;;2;;
291260;;;;1;;
291270;5;;;5;9;
291280;1;;5;;;
291290;4;1;6;2;;
291300;;;;;1;
291310;3;;;;1;
291320;2;2;1;4;3;
291340;14;2;;1;;
291345;3;1;;3;;
291350;1;2;;;3;
291360;21;9;1;120;41;2
291370;4;1;;8;;
291380;;1;;4;1;
291390;26;17;2;13;48;1
291400;3;;2;6;;
291410;1;;1;;;
291430;1;;;;;
291440;4;;;;3;
291450;5;2;;9;3;
291460;8;6;1;38;13;
291465;27;2;7;2;2;1
291470;36;2;;19;75;6
291480;25;37;1;176;43;1
291490;;;;3;1;
291500;;;;2;1;
291510;9;1;;4;2;
291520;19;1;;1;7;
291530;8;;1;;1;
291535;2;1;;;;
291540;4;;;;2;
291550;2;3;;5;4;
291560;39;3;;13;10;
291570;1;1;;1;;
291580;2;;;5;2;
291590;1;;;;;
291600;3;3;1;8;6;
291610;;;;5;1;
291620;1;2;;5;1;1
291630;9;;;;;
291640;;;;1;2;
291650;6;3;;2;;2
291660;3;;;5;;
291670;2;;;;;
291685;1;;;5;;
291690;10;;;1;;
291700;1;;5;3;1;
291710;2;;;2;2;
291720;16;1;;1;;
291730;20;6;;5;8;1
291733;4;1;;2;2;
291735;14;;13;2;;
291740;2;;;3;;
291750;15;4;1;23;8;5
291760;50;2;;12;13;1
291770;1;2;;3;1;
291780;3;;;1;;
291790;1;;;;;
291800;19;19;11;36;89;1
291810;9;;1;4;;
291820;6;;2;3;3;
291830;1;;;3;2;
291835;17;1;;3;;
291840;183;35;;71;96;3
291845;1;;;1;;
291850;7;2;;1;2;
291855;5;;;1;1;
291860;7;3;;2;1;
291870;1;1;1;;1;
291875;3;;1;;;
291880;8;2;;1;2;
291890;3;1;;1;;
291900;1;;;;;
291905;6;;1;;1;
291910;;;;2;;
291915;5;;;2;;
291920;4;9;2;54;36;
291940;1;;;2;;
291950;29;6;;8;5;
291955;59;12;;40;14;1
291960;;;;;1;
291970;3;;;1;;
291980;6;3;;9;2;
291990;2;;;1;1;
291992;1;1;;10;18;
291995;1;;;;;
292000;;;;1;1;
292010;6;;;5;5;2
292020;7;;;1;;
292040;2;;;1;;
292045;1;;;;1;
292050;31;1;6;10;33;2
292060;;;;6;;1
292070;;;;1;;
292080;1;19;;4;2;
292090;;1;;2;2;
292100;3;4;;18;6;
292105;32;3;;;3;
292110;15;;;2;3;
292120;15;;4;;4;
292130;;;;2;;
292140;4;;;1;1;
292145;1;;;1;;
292150;;;;1;;
292170;74;6;8;14;15;
292180;1;;;1;1;
292190;7;;;;1;
292200;8;1;;8;8;
292205;2;;;;2;1
292210;1;;2;3;;
292220;;;1;;;
292225;2;;;;1;
292230;3;2;;3;2;
292240;19;3;2;3;;
292250;;;;3;;
292260;6;1;;;;
292265;1;;;;1;
292270;3;;1;;6;
292273;1;;;3;1;
292275;3;;;;;
292280;1;;;;1;
292285;;;1;2;;
292290;1;1;;;;
292300;4;;;1;;
292303;1;;;;1;
292305;;;6;1;;
292310;1;;;1;;
292320;;1;;2;;
292340;24;;;;2;
292350;1;;;3;1;
292360;;;;1;;
292370;1;;;2;;
292380;5;;;1;1;
292390;1;1;4;3;;
292400;7;7;;47;10;
292405;;;;3;1;
292420;4;2;;2;;
292430;9;2;;;;
292440;1;1;;2;1;
292450;8;;;2;;
292460;1;;;3;;1
292465;;1;;;1;
292467;4;;;1;;1
292470;1;1;;3;1;
292480;1;;1;;;
292490;1;1;;2;;
292500;1;1;;2;3;
292510;8;5;1;16;9;
292520;1;1;;7;7;1
292525;2;;;;1;
292530;31;7;3;39;13;2
292540;1;;;;;
292550;7;;;3;1;
292560;5;;;1;;
292570;1;;;;;
292575;33;3;2;13;4;
292580;1;;;1;1;1
292590;;;6;;;
292593;;;;2;;
292595;;;;2;1;
292600;1;1;1;;1;
292610;1;;;1;;
292620;6;;;1;1;
292630;4;;;2;4;1
292640;11;1;;8;1;1
292650;4;;;1;1;
292660;3;3;;12;3;
292665;1;1;;1;;
292670;1;;;1;2;
292700;25;3;;9;3;1
292710;64;8;;10;3;
292720;4;1;;7;;
292730;;;;3;1;
292740;548;325;14;1581;550;43
292750;7;2;;8;;
292760;1;;;1;;
292770;;;9;4;3;
292780;3;1;3;1;1;
292790;4;;;;;
292800;6;;;7;3;
292805;4;1;;;;
292810;6;7;;12;4;1
292820;1;1;;1;2;
292830;;1;;2;;
292840;1;5;1;9;2;
292850;;;;3;;1
292860;3;1;;7;8;226
292870;6;5;3;45;17;
292880;11;9;3;42;21;
292890;17;1;5;4;;
292895;1;1;1;1;;
292900;1;;;3;;
292905;2;1;;;;
292910;4;;;6;;
292920;1;2;;18;6;2
292925;11;;1;3;2;
292930;6;3;;12;6;
292935;2;;;4;1;1
292937;1;;;;;
292940;1;;;1;;
292950;2;;13;8;1;
292960;;;;1;1;
292970;;;;1;;
292975;1;;;;3;
292990;6;1;1;12;3;
293000;2;;2;1;1;
293010;7;10;60;32;31;
293015;5;1;;1;;2
293020;47;3;1;2;4;
293030;41;3;1;2;2;
293040;3;;5;1;;
293050;16;24;1;52;22;1
293060;17;3;10;;2;
293070;4;9;1;97;16;3
293075;2;;;1;;
293076;4;;;;;
293077;18;;;2;;
293080;;1;;;;
293090;1;;;;;
293100;12;;;1;2;
293105;2;;;1;;
293110;1;;;1;;
293120;7;1;1;1;1;
293130;6;;;2;2;1
293135;18;16;6;25;11;2
293140;1;1;;2;2;
293150;;1;1;2;1;
293160;19;;;2;1;
293170;1;1;;4;;1
293180;;1;;2;1;
293190;;;;6;2;1
293200;1;1;;;2;
293210;3;1;;3;;
293220;3;1;;4;;
293230;2;1;1;9;1;
293240;6;2;5;1;2;
293245;;;;2;1;
293250;21;;;7;5;
293260;1;;;1;;
293270;10;3;;8;1;1
293280;1;;1;1;;1
293290;16;1;;20;3;1
293300;;1;;2;1;
293305;3;1;1;1;1;
293310;;;;1;;
293315;1;;;1;;1
293317;1;;;1;2;
293320;1;1;;2;2;
293325;1;;;1;2;
293330;17;15;20;78;38;3
293345;6;;1;;;1
293350;29;;;;2;
293360;2;1;;6;2;
310010;2;;;1;4;
310020;33;16;;34;31;
310030;8;4;;21;4;
310040;1;;;6;1;
310050;4;;;4;;
310060;2;;;3;;
310070;12;1;27;2;8;
310080;;;;1;;
310090;;;;2;;
310110;5;;;1;;
310120;;;;2;;
310140;5;1;;1;;
310150;1;2;2;9;3;
310160;42;3;1;45;27;3
310163;22;;;5;1;
310170;3;1;;1;2;
310180;1;1;;7;;
310190;34;4;;10;7;
310200;18;2;5;8;;
310205;4;1;;2;;
310210;2;1;;3;1;
310220;2;;;2;2;
310230;;1;;8;1;
310240;;1;;2;1;
310250;3;;;5;;
310260;65;7;1;30;17;2
310270;1;;;1;;
310280;;;;;2;
310285;2;;;1;;
310290;8;1;2;14;14;2
310300;;1;;2;;
310320;1;;1;2;;
310330;;;;1;;
310340;4;2;;10;2;
310350;34;12;1;57;35;
310370;21;1;;4;2;
310375;1;1;2;3;;
310380;1;;;1;1;
310390;2;;;1;2;
310400;35;9;;46;36;
310410;9;;;2;1;
310420;14;14;1;59;21;2
310430;9;;;3;1;
310440;1;1;3;4;1;
310445;2;;;;1;
310450;8;2;;2;;
310460;;1;;;3;
310470;3;;;5;2;1
310480;4;;1;1;6;
310490;6;5;;10;6;1
310500;7;2;;2;2;
310510;4;1;;;1;
310520;5;1;1;;;
310530;13;;;5;4;
310540;2;4;3;18;11;
310550;2;;;3;;1
310560;44;11;7;86;34;2
310570;2;;;2;;
310590;5;;;21;7;
310600;;2;;7;2;
310620;297;216;33;961;661;36
310630;1;;;16;3;
310640;10;;;6;;
310665;1;;;;;
310670;70;83;19;821;409;13
310690;;1;;2;;
310700;5;1;;2;;
310710;80;7;;61;18;
310730;13;13;2;49;27;2
310740;25;17;4;28;64;
310760;9;;2;2;1;
310770;2;3;;3;1;
310780;;;1;1;3;
310790;50;2;;;4;
310800;24;2;1;15;1;
310810;5;;;;1;
310820;3;;1;1;1;
310825;;1;;2;;
310830;5;1;;6;3;5
310840;34;1;;13;5;
310850;3;;;;;
310855;14;;1;5;3;1
310860;3;1;;2;;
310870;2;;;;;
310880;2;1;;8;2;
310890;4;3;;7;3;
310900;30;10;1;52;27;26
310910;51;;1;5;6;
310920;;2;;;1;
310925;5;1;;1;;
310930;20;2;;8;2;
310940;12;2;;2;;
310945;1;;;;;
310950;9;;;1;1;
310960;1;;1;1;;
310970;10;;1;8;3;
310980;2;;;;2;
310990;1;;;5;1;1
311000;2;;;2;4;1
311010;34;2;;5;1;
311020;10;1;;4;3;1
311030;13;;;7;3;
311040;3;1;;;;
311050;4;;;3;1;
311060;4;1;;6;2;1
311070;5;2;;4;1;
311080;2;;;;1;
311090;38;7;1;26;10;1
311100;28;5;;7;3;
311110;23;4;;14;7;
311115;1;1;;;;
311120;11;4;;35;6;1
311130;1;1;;1;1;
311140;5;1;1;5;11;
311150;47;2;;11;6;
311160;1;;;3;;
311170;5;;;9;;
311180;16;1;1;3;2;
311190;1;;;;;
311200;35;8;1;24;22;
311210;21;2;;5;2;1
311220;2;1;;4;1;
311230;15;4;;24;17;
311240;6;;;;;
311250;1;;1;11;10;1
311260;18;5;;15;4;
311265;1;;;6;2;
311270;3;;;5;2;
311280;6;4;;3;4;
311290;9;2;;12;3;
311300;8;2;1;14;6;
311310;2;1;;1;;
311320;33;9;;38;27;
311330;19;13;3;38;4;1
311340;14;6;;41;7;
311360;7;1;;6;1;
311370;1;;;3;10;
311380;;1;;5;2;
311390;2;;;;;
311400;6;2;;8;4;
311410;10;3;;4;5;1
311420;6;2;;20;4;
311430;41;13;1;16;19;
311440;50;4;;9;17;
311450;17;3;1;10;3;1
311455;38;8;;8;7;
311460;19;1;;6;6;
311470;2;1;1;3;5;
311480;;2;;;1;
311490;2;;;;;
311510;11;;;4;1;
311520;8;3;;3;1;
311530;;4;;6;4;
311535;2;;;4;3;
311540;2;;;;;
311545;1;;;1;1;
311547;6;;;2;;
311550;2;;2;15;3;
311560;6;1;;;2;
311570;1;2;1;1;;
311580;13;5;;11;5;
311590;;;;1;1;
311600;16;;;6;3;
311610;1;2;;;29;
311615;3;;;;;
311630;5;;;5;;2
311640;1;1;;;;
311650;10;;;1;1;
311660;1;4;;11;4;
311670;6;2;;10;;
311680;5;;;2;2;
311690;5;1;;2;;
311700;;;;1;1;
311710;93;3;1;12;2;1
311720;;1;;;1;
311730;24;5;;27;21;
311740;2;;1;4;;
311750;3;4;;10;6;
311760;3;;;;2;
311770;1;;;6;3;
311780;3;1;;5;;
311783;;;;;1;
311787;;;;1;;
311790;21;2;1;9;2;
311800;8;19;;36;46;1
311810;2;;;4;;
311820;5;3;1;4;7;
311830;15;17;5;79;49;2
311840;14;3;;5;6;
311850;1;;;2;;
311860;36;66;14;422;257;7
311870;22;1;;6;2;
311880;5;1;2;9;3;
311890;5;1;;1;3;
311900;4;1;;1;5;
311910;63;37;15;86;71;3
311920;6;5;;8;3;
311930;21;6;1;25;5;
311940;4;11;1;27;24;
311950;1;;;1;;
311960;;;;1;1;
311970;;1;;2;2;
311980;1;;;2;;
311990;;;;3;;
311995;7;1;;6;1;
312000;2;;;1;;
312010;;;;1;;
312020;18;;;4;1;
312040;3;1;;2;3;1
312050;18;1;1;3;10;
312060;2;1;;2;1;
312070;22;2;;6;5;1
312080;24;6;;19;14;
312083;3;2;;5;1;
312087;;;;2;;
312090;23;4;;54;27;2
312100;1;1;;2;1;
312110;2;;;1;;
312120;15;2;;3;1;
312125;1;1;1;4;9;
312130;;;;1;2;
312140;1;;;1;1;1
312150;5;;;;1;
312160;1;;;13;5;
312170;1;;;;;
312180;;;;;1;
312190;2;1;;2;;
312200;7;1;;7;;
312210;3;;;2;;
312220;2;;;11;1;
312230;9;10;;86;20;
312240;14;1;;1;3;1
312245;;;;;;1
312247;1;;;3;1;
312250;1;;;3;;
312260;;;;2;;
312270;2;4;;6;1;
312280;3;;;2;;
312300;3;;;2;1;
312310;;1;;2;1;
312320;1;;;1;;
312330;;;;1;;
312350;;;;1;;
312352;19;1;;19;2;
312360;40;6;2;21;21;
312370;1;3;;6;2;
312380;5;2;1;3;3;
312390;4;;;6;;
312400;24;;;6;3;
312410;12;13;1;44;28;1
312420;75;12;4;40;6;1
312430;21;1;1;6;2;
312440;18;;;6;;1
312450;28;2;;11;2;
312460;;;;4;1;
312470;1;;;1;;
312480;2;;;1;1;
312490;4;;;1;5;
312510;11;14;1;22;9;2
312520;1;1;;1;;
312530;6;1;;3;;
312540;;1;;2;;
312550;1;;;1;;
312560;1;;;3;;
312570;11;7;;2;14;4
312580;4;;;1;4;
312590;6;1;1;9;1;
312595;15;1;1;14;1;
312600;1;;;3;2;
312610;52;29;4;155;68;11
312620;5;;;1;;
312630;5;;;2;;
312640;2;;;3;2;
312650;1;;;;;
312660;1;;;4;1;
312670;7;3;;5;5;
312675;2;;;;1;
312680;5;;1;1;2;
312690;6;5;;5;2;
312695;3;;;;;
312700;10;4;;13;4;
312707;;;;;1;
312710;76;29;;97;38;6
312720;;2;;5;;
312730;5;1;;7;5;
312733;6;1;;;;
312735;5;1;;;1;
312737;1;;;2;;
312738;1;;;;1;
312740;5;;;1;1;
312750;1;2;;3;;
312760;2;2;;11;3;
312770;44;74;10;327;138;10
312780;;;;2;2;
312790;3;1;1;;;
312800;9;5;2;60;15;
312810;28;1;;7;4;
312820;3;;;7;;
312825;6;2;1;3;3;
312830;26;3;1;19;10;1
312840;5;2;;4;5;
312860;6;;;2;1;
312870;11;7;1;51;24;1
312880;2;;;3;;
312890;34;2;7;9;4;
312900;10;;;6;2;
312910;43;4;1;5;7;
312920;11;2;;11;2;
312930;7;;;9;;
312940;3;2;;2;2;
312950;28;8;29;22;20;
312960;3;;;3;1;
312970;13;3;;8;2;
312980;15;23;1;133;68;5
312990;11;;;3;2;
313000;4;;;;;
313005;1;1;;1;;
313010;7;3;;17;12;
313020;;;;7;5;
313030;5;1;;4;1;
313040;7;2;;6;2;
313050;21;2;;12;1;1
313055;4;;;;;
313060;1;;1;;;
313065;1;;;;;
313070;5;;;1;;
313080;4;;;4;5;
313090;3;;;4;1;
313100;2;2;;3;3;
313110;5;2;;2;2;
313115;2;2;2;10;8;1
313120;;;;7;1;
313130;15;19;1;211;89;2
313140;21;;;2;2;
313150;24;;;11;2;
313160;5;1;;1;3;
313170;17;33;2;163;71;6
313180;1;;;2;;
313190;11;19;2;50;26;9
313200;1;;;1;2;
313210;8;;;1;1;
313220;;;;4;6;
313230;5;;;7;;
313240;11;8;11;62;42;
313250;4;1;;20;8;
313270;8;2;;6;2;
313280;2;1;;2;4;
313290;94;1;1;12;5;3
313300;2;1;;11;6;
313310;10;;;8;16;
313320;3;;;3;2;
313330;;;;3;;
313340;37;19;2;14;28;
313350;5;2;1;9;5;
313360;4;;;6;5;
313370;6;2;;15;1;
313375;2;1;;9;2;1
313380;10;13;;59;19;2
313390;2;;;4;;1
313410;8;;;2;4;
313420;85;51;5;121;74;2
313430;4;;;5;2;
313440;37;21;2;37;18;
313450;4;1;;2;1;
313460;2;;2;1;2;
313470;1;;;2;1;
313480;28;;;6;2;
313490;67;18;1;33;46;
313500;;1;;1;;
313505;40;4;1;4;2;
313507;4;1;;3;1;
313510;31;8;1;25;10;
313520;1;7;;10;5;1
313530;;2;;3;3;
313540;;3;2;;;
313545;;;;2;;
313550;3;;;12;;
313560;3;;;;;
313570;16;;;3;2;
313580;;;;;1;
313590;3;;;;;
313610;;2;;2;;
313620;6;7;1;56;15;1
313630;32;6;;20;14;
313640;;;;1;1;
313660;2;1;;3;4;
313665;4;1;3;15;8;1
313670;5;6;3;82;33;7
313680;;1;;;1;
313690;10;2;;5;3;1
313700;7;2;;2;;
313710;4;;;2;1;
313720;12;9;1;47;20;
313730;5;;;;;
313740;15;;1;6;6;1
313750;38;5;1;24;3;
313753;13;3;;5;2;
313760;4;5;;14;8;2
313770;26;;;10;;
313780;3;;;3;3;
313790;1;;;1;;1
313800;1;;;1;1;
313810;6;2;;4;13;
313820;32;18;1;112;34;6
313830;;1;1;1;2;
313835;;1;;1;1;
313840;13;9;12;47;19;1
313850;1;;;2;;
313860;5;1;;14;5;
313862;89;19;3;2;11;
313865;;;;2;1;
313867;24;1;1;13;4;
313868;;;;1;;
313870;6;1;;4;3;1
313880;67;14;5;32;39;1
313890;;;1;2;1;
313900;52;9;1;36;23;1
313910;5;;;3;1;
313920;7;1;;10;2;
313925;7;1;;2;2;
313930;4;;;2;;
313940;103;23;3;146;73;
313950;12;3;;20;8;
313960;7;2;;5;2;
313970;2;;;1;1;
313980;;1;;3;;1
313990;38;2;;2;3;1
314000;3;6;;61;15;2
314010;2;;;7;1;
314015;5;7;1;14;7;2
314020;;;;;1;
314030;1;;;1;;
314040;3;;;;;
314050;6;;;4;1;
314053;23;3;1;9;5;
314060;2;1;;1;1;1
314070;13;3;;23;4;1
314080;;;;3;;
314085;20;;;;1;
314090;6;1;1;5;2;2
314100;5;3;;6;;
314110;5;1;1;57;18;1
314120;8;1;;6;2;
314130;1;;;1;;
314140;4;;;8;1;
314160;2;;;7;3;
314170;2;;;8;1;
314180;;1;1;5;;
314190;1;;;2;1;
314200;1;;;;2;
314210;1;1;;;;
314220;;1;;1;;
314225;1;;;;1;
314230;1;;2;2;2;
314240;3;2;;9;2;
314250;5;;;;;1
314260;11;1;;1;1;
314270;;1;;;;
314280;14;2;1;12;1;2
314290;20;1;;10;1;1
314300;21;3;;8;1;
314310;66;10;;61;20;2
314315;;;;1;;
314320;28;4;;23;5;
314330;20;37;13;153;113;5
314340;11;1;2;3;5;
314350;9;1;1;2;2;
314360;;;;2;;
314370;;;;1;1;
314380;12;;;1;2;
314390;8;8;1;54;17;3
314400;19;;;1;;
314410;35;4;1;19;15;
314430;1;1;;3;10;
314435;2;1;;7;1;
314437;3;;;;;
314440;11;;;6;1;
314450;6;2;;18;6;
314460;55;4;;25;4;
314465;;;;1;;
314467;6;;;;;
314470;4;1;;6;2;
314480;2;2;;10;12;1
314490;1;1;;1;;
314500;6;6;;10;1;
314505;13;1;;3;2;
314510;12;1;;8;;1
314520;3;8;;39;19;2
314530;3;;1;15;1;
314535;1;;;5;;
314537;1;;;;;
314540;;;;;1;
314545;9;;;3;1;
314550;1;;;;;
314560;20;9;1;40;6;1
314580;4;1;1;2;1;
314585;2;1;;10;1;
314587;13;3;;12;4;
314590;3;2;1;10;9;3
314600;12;1;;14;5;
314610;5;1;;21;8;
314620;;2;;3;1;
314630;2;2;;7;1;
314640;11;1;1;3;1;
314650;10;5;;9;2;
314655;2;;;;;
314670;1;2;;4;;
314675;;;;2;;
314690;13;3;1;25;6;
314700;152;38;2;105;75;2
314710;21;17;4;146;116;
314720;33;1;2;5;4;1
314730;1;;;11;2;
314740;10;2;1;10;10;1
314750;2;;;3;;
314760;8;;;6;;
314770;2;2;;11;;
314780;;;;1;2;
314790;65;37;1;107;88;17
314800;146;61;28;336;134;4
314810;177;21;;82;25;15
314820;3;1;;5;1;
314830;5;1;;6;1;
314840;;1;;1;;
314850;;2;;;;
314860;1;;;1;;
314870;;;1;;;
314875;10;2;;6;;
314880;4;1;;12;1;1
314890;;;;2;;
314900;3;1;;4;;
314910;20;;2;3;2;
314920;16;3;;2;3;
314930;4;2;;14;2;
314950;;1;;1;1;
314960;21;2;;14;3;
314970;2;2;;13;5;
314980;24;1;4;10;5;
314990;2;;;6;1;
314995;1;4;;4;2;
315000;4;;;2;1;
315015;10;;;1;1;
315020;;;;3;;
315030;1;;;;;
315040;1;;;1;1;
315050;27;2;;14;6;
315053;1;;;4;3;
315057;1;;;;;
315060;3;;;4;;
315070;19;1;;13;7;
315080;5;1;;5;5;
315090;;1;;2;2;
315100;4;1;;1;1;
315110;;;;1;1;
315120;16;8;;39;6;
315130;1;;;1;1;1
315140;9;6;;25;10;
315150;12;2;2;4;5;
315160;8;1;1;10;12;
315170;48;4;;9;8;
315180;20;9;6;53;64;
315190;1;1;;2;1;
315200;85;9;3;23;10;1
315210;7;7;;110;14;
315217;1;1;;;3;
315220;25;4;1;4;3;
315230;2;;;6;1;
315240;;;;4;;
315250;90;35;6;153;59;91
315260;1;;;3;;
315270;2;;;6;1;
315280;45;5;1;6;10;
315290;3;;1;5;2;
315300;10;;;;6;
315310;8;2;;3;3;
315320;;1;;1;;
315330;1;1;;2;2;1
315340;44;5;;10;4;
315350;4;;;1;1;
315360;1;2;1;11;7;
315370;2;3;;2;1;
315380;3;1;;3;;
315390;1;;1;3;6;
315400;4;1;;5;5;
315410;1;;;4;;
315415;20;1;;15;5;
315420;1;;;6;5;
315430;12;2;2;8;4;1
315440;6;1;;2;1;
315445;6;;;;;
315450;1;;;;;
315460;46;30;7;153;92;
315470;2;2;;3;;
315480;1;;;1;;
315490;;;;2;1;
315500;1;1;;3;;
315510;1;1;;;;
315520;;;;2;;
315530;3;;;4;2;2
315540;9;;;3;7;
315550;23;2;;23;5;
315560;;;;;1;
315570;;;1;2;;
315580;;;;3;;
315590;;;;4;1;
315600;;1;;4;3;
315610;1;1;;;1;
315620;;;;2;;
315630;;;;2;2;
315640;1;1;;;2;
315645;2;;;;;
315650;;;;;1;
315660;3;;;1;1;
315670;18;12;6;48;40;2
315680;13;2;;12;7;4
315690;53;5;5;20;24;1
315700;;;;1;1;
315710;2;;1;;;
315720;1;1;;14;31;3
315725;7;1;;;;
315730;2;;;2;;
315733;;;;11;2;1
315740;3;;;4;;
315750;1;;;3;2;
315760;5;1;;1;;
315765;1;;;1;;
315770;9;1;;6;8;
315780;15;15;;113;48;4
315790;9;;;6;1;
315800;;1;;3;3;
315820;1;;;1;;
315830;13;;;2;3;
315840;1;;;1;;
315850;6;2;;7;9;
315860;;;;2;;
315870;2;;;;1;
315880;;;;1;;
315890;10;;;22;3;
315895;1;2;2;24;7;3
315900;;;;2;1;
315910;1;;;1;1;
315920;3;1;;1;;
315930;;;;1;;
315935;2;1;;;1;
315940;3;1;;1;;
315950;20;1;;2;2;
315960;12;3;2;16;7;
315970;3;;;;;
315980;13;2;;9;4;
315990;16;1;;12;4;1
316000;;;1;1;2;
316010;;;;4;;
316020;2;3;;4;1;1
316030;1;;;3;;
316040;6;1;1;16;12;3
316045;2;;;;2;
316050;;1;;;;
316060;2;1;;1;2;
316070;2;2;;16;8;
316080;7;;;;;
316090;;;;6;3;
316095;5;1;;1;;
316100;;3;;2;2;
316105;;;;1;;
316110;4;;;1;1;
316120;11;;;1;1;
316130;24;4;;2;16;
316140;3;1;;7;1;
316150;2;;;5;6;
316160;;;;5;;
316165;;;;1;;
316170;2;2;;4;;
316180;2;;;3;4;
316190;1;1;;7;;
316200;14;2;1;14;3;
316210;92;12;4;57;11;4
316220;27;4;;5;9;
316225;1;;;;;
316230;6;;;5;1;
316240;4;1;;3;2;
316245;3;;;1;1;
316250;19;12;;97;23;4
316255;17;3;;18;4;
316257;;;;1;;
316260;2;;;4;;
316265;;;1;;;
316280;2;;;1;1;
316290;7;1;;10;2;2
316292;;1;;2;9;3
316294;2;2;;2;2;
316295;2;;;2;5;1
316300;1;3;;3;1;
316310;3;;;6;;
316320;;1;;2;1;
316330;2;1;;1;;
316340;;;;3;;
316350;4;4;;1;1;
316360;4;;;1;;1
316370;2;7;;24;5;
316380;3;;;6;2;
316390;2;3;;;;
316400;3;1;;3;1;
316420;1;;;;;
316430;3;;;3;;1
316440;5;3;;2;;
316443;2;;;2;;
316447;4;;;;1;
316450;2;;;;;
316460;6;2;;5;25;
316470;100;20;3;109;64;
316480;;;;1;;
316490;;;;1;1;
316500;11;;;12;3;
316510;46;4;1;12;7;
316520;2;1;;4;;
316540;6;4;;3;2;
316550;5;1;;12;1;
316553;7;7;;21;55;3
316555;2;;;1;;
316556;;;;2;;
316557;27;2;;1;1;
316560;;;;1;;
316570;3;;;5;4;
316580;4;;;1;2;
316590;;2;;;;
316600;2;;;1;;
316610;;;;10;3;
316620;2;;1;5;2;
316630;7;1;;8;;
316640;1;;;;1;
316650;;;;3;;
316660;1;;;;;
316670;;;;1;1;
316680;134;11;;21;7;2
316690;8;;;1;2;
316695;1;;;1;1;
316700;3;1;;4;2;
316710;11;5;;20;21;1
316720;10;19;3;321;95;
316730;1;;;2;1;
316740;7;1;;3;1;
316760;13;5;5;28;5;2
316770;2;1;;4;2;
316780;4;3;;5;;
316790;;;;1;;
316800;;;;1;;
316810;10;2;;3;2;
316830;1;2;;2;1;
316840;;;;2;2;
316850;3;;;13;4;
316860;23;23;2;164;40;1
316870;2;3;1;30;16;1
316880;2;;;12;2;
316890;9;5;;1;9;
316900;3;1;;3;1;
316905;18;;;2;3;
316910;15;;;1;5;
316920;13;3;;11;6;
316930;16;3;;9;7;
316935;1;4;;2;3;2
316940;41;12;10;45;17;3
316950;2;1;;2;1;
316960;15;3;;11;5;1
316970;1;2;;6;1;
316980;19;4;;6;2;
316990;5;3;2;29;11;
317000;;;1;1;;
317005;2;;;;;
317010;133;94;11;380;579;5
317020;87;114;9;494;176;22
317030;4;;;;1;
317040;8;1;;13;4;
317043;11;;;4;1;
317047;5;;;;1;
317050;3;4;;8;2;
317052;1;;;;;
317057;;;;1;;
317060;4;;;;;
317065;;1;;;;
317070;59;35;2;150;127;4
317075;5;1;;10;3;
317080;103;40;3;32;79;6
317090;4;;;;;
317100;18;8;;10;12;1
317103;9;1;;1;3;
317107;2;;;2;2;
317110;2;5;1;4;15;
317115;2;;;;;
317120;3;5;1;35;22;
317130;16;14;;130;19;2
317140;4;;;1;;
317150;1;;;3;1;
317160;3;;;;;
317170;8;2;;5;2;
317180;4;2;7;11;4;
317190;5;;;3;;
317200;7;4;2;48;40;1
317210;;;;1;1;
317220;2;2;1;;1;
320010;133;5;1;11;4;
320013;18;2;;6;1;1
320016;13;3;;3;4;1
320020;26;4;;20;9;2
320030;32;2;;;1;
320035;2;1;;;;
320040;7;8;1;12;1;
320050;2;;;;1;
320060;44;34;1;36;58;2
320070;34;4;3;5;32;
320080;4;;1;2;7;
320090;52;20;3;30;24;3
320100;15;;;;1;
320110;1;;1;1;;
320115;24;2;1;5;1;
320120;43;26;3;69;65;5
320130;176;68;1;62;129;6
320140;74;6;1;28;41;1
320150;125;27;1;91;45;4
320160;;;;;3;
320170;62;3;1;9;1;
320180;1;;;;;
320190;202;11;;15;23;2
320200;18;;;6;1;
320210;9;2;;2;;
320220;18;;1;6;8;1
320225;18;2;;4;;
320230;17;1;;5;6;
320240;56;17;5;58;56;2
320245;124;7;2;7;7;1
320250;15;3;;5;6;
320255;8;1;;1;;
320260;10;1;1;1;1;
320265;50;3;;5;;
320270;94;4;2;9;5;
320280;17;4;;8;5;
320290;108;4;1;7;2;
320300;81;5;1;15;7;
320305;87;14;;13;8;
320310;14;2;;5;21;
320313;6;;;5;4;
320316;63;3;;2;1;
320320;164;43;1;67;119;2
320330;22;2;;3;2;
320332;11;5;2;13;8;
320334;64;4;1;14;10;1
320335;23;1;;4;2;1
320340;16;2;1;4;6;
320350;2;;;;3;
320360;6;1;;1;;
320370;56;1;2;21;6;
320380;13;2;1;9;1;
320390;131;10;171;20;15;1
320400;16;1;;3;;
320405;11;5;1;;4;
320410;35;1;;10;3;
320420;1;6;;3;7;
320425;5;1;;;;
320430;22;1;1;15;4;
320435;155;2;;4;9;1
320440;13;;;4;7;
320450;26;1;;1;;
320455;142;3;;18;4;
320460;122;10;;12;18;
320465;38;4;;6;5;
320470;79;14;5;20;21;
320480;4;1;;4;2;
320490;80;15;3;44;42;2
320495;36;2;;;1;1
320500;50;57;12;128;169;4
320501;18;3;;6;6;
320503;42;2;;4;3;
320506;106;3;;13;13;1
320510;12;7;2;19;17;
320515;12;3;;2;4;
320517;46;1;;3;4;
320520;95;52;29;76;145;7
320530;60;87;23;103;216;7
330010;9;18;4;45;36;1
330015;2;;;1;;
330020;1;;;1;;1
330022;;4;;4;2;
330023;1;2;;9;8;
330025;;;;8;4;
330030;4;2;;4;14;
330040;2;1;2;4;8;1
330045;6;8;2;48;17;2
330050;2;;;2;;
330060;6;2;;11;7;1
330070;;3;;7;12;1
330080;;;;;1;
330090;2;;;;;
330093;1;;;3;;
330095;;;;1;;
330100;284;22;8;88;77;7
330110;5;;2;3;1;
330115;2;;;;;
330120;8;2;;8;2;1
330130;20;1;1;23;24;1
330140;;;;2;1;
330160;;;;1;;
330170;14;34;5;240;132;10
330180;;;;;1;
330185;;;;4;2;
330187;1;;;1;1;
330190;5;6;2;41;21;
330200;;5;1;20;13;1
330205;;;;;1;
330210;2;1;;2;1;
330220;2;2;4;9;10;
330225;;4;1;10;3;
330227;3;1;;2;5;
330230;;;;1;;1
330240;;1;;12;42;5
330250;2;6;2;62;17;4
330260;;;1;;3;
330270;;9;2;25;34;1
330280;;;;1;2;
330285;1;3;;15;4;1
330290;;;;4;3;
330300;;;;;3;
330310;6;2;1;5;5;
330320;1;2;1;14;2;
330330;4;8;3;69;29;
330340;79;10;4;83;25;3
330350;72;18;8;182;49;2
330360;;;1;6;4;2
330370;1;;;;;
330380;5;9;3;14;29;1
330385;8;;;6;1;
330390;12;2;;68;28;5
330395;2;8;2;13;12;
330400;5;3;2;19;30;1
330410;24;1;;8;3;
330411;;;4;4;1;
330412;5;;;2;1;
330414;1;1;;8;2;1
330415;1;;1;4;3;
330420;3;3;2;47;31;2
330430;3;4;;2;1;
330440;3;3;;7;2;2
330450;1;1;;3;10;
330452;5;16;1;26;70;3
330455;76;236;63;2171;623;42
330460;;;;1;;
330470;;1;;2;1;1
330475;17;;1;10;7;
330480;10;;;23;3;3
330490;3;36;;167;79;4
330500;2;;;;;
330510;3;4;5;45;21;1
330513;1;1;;;1;
330515;21;5;;10;9;1
330520;2;3;1;7;4;
330540;5;;;4;1;
330550;1;4;2;11;9;
330555;;;;4;3;
330560;;;;3;4;
330570;82;1;;8;2;2
330575;;1;;;2;
330580;81;7;;101;21;2
330590;3;;;2;;
330600;;;2;3;1;
330610;3;12;;4;12;
330615;5;;;;;
330620;4;1;;15;5;
330630;5;24;8;61;43;3
350010;1;;;4;;
350020;4;;;7;;
350030;34;7;1;29;15;
350040;7;4;;6;5;
350050;5;5;;8;9;
350055;1;;;2;;
350060;;;;;1;
350070;3;;;3;1;
350080;1;;;2;1;
350090;1;2;;1;3;
350100;3;4;;4;1;1
350110;8;;;1;1;
350115;1;2;;5;;
350120;9;4;;1;1;
350130;5;1;;10;2;2
350140;7;1;;6;3;
350150;13;5;1;3;2;
350160;14;28;4;87;72;10
350170;8;9;;26;13;1
350180;15;3;;9;1;
350190;26;13;3;48;54;1
350200;2;;;2;;
350210;34;9;2;59;23;1
350220;;;1;;1;
350230;34;2;;3;7;
350240;2;1;;2;1;
350250;;10;1;25;5;1
350260;6;;;4;1;
350270;80;1;;20;11;
350275;1;4;2;16;11;
350280;24;36;4;84;51;2
350290;4;1;;5;;2
350300;;;;1;;
350310;3;1;;;2;1
350315;1;;;;;
350320;13;19;4;33;92;2
350330;10;6;2;27;18;2
350335;;;;;;1
350340;1;;;1;23;
350350;;;;1;;
350360;2;;;5;;
350370;6;3;1;8;5;1
350380;3;11;1;10;8;
350390;2;8;;52;3;2
350395;3;1;;;;
350400;12;5;;42;6;1
350410;31;18;;51;16;1
350420;2;2;;1;2;
350430;4;;;;1;
350440;4;1;;4;5;
350450;30;12;2;63;32;3
350460;8;7;;19;21;1
350470;;;;1;;
350480;2;3;;6;3;
350500;6;3;;2;;
350510;6;1;;9;;
350520;;;;;8;
350530;1;;1;3;5;
350535;34;4;;11;2;
350540;10;;;2;1;
350550;13;18;1;72;49;1
350560;1;;;7;4;
350570;11;29;4;236;74;21
350580;12;8;1;16;6;3
350590;99;10;3;39;110;
350600;7;42;4;129;50;326
350610;33;23;6;53;17;1
350620;2;1;;;1;
350630;4;2;;5;;
350635;4;5;;21;6;1
350640;2;;;2;1;
350650;23;22;1;65;38;
350660;31;3;;26;8;1
350670;2;;;1;;
350680;;;;3;;
350690;6;2;;8;1;
350700;1;1;;5;2;
350710;;8;;7;6;
350720;;;;1;;
350730;;;;1;;
350740;6;3;;7;6;
350745;;;1;1;;
350750;49;49;2;129;34;12
350760;13;17;;83;43;2
350770;10;1;;10;2;
350775;3;;;2;2;
350780;3;2;;5;;
350790;17;4;1;5;11;
350800;19;2;1;15;2;
350810;5;3;;7;18;1
350820;2;;;1;1;
350830;2;;;2;;
350840;5;6;;19;14;
350850;1;7;2;14;7;
350860;3;4;1;15;7;
350870;71;8;;32;10;
350880;4;;;6;;
350890;4;;;2;1;
350900;2;6;;22;3;5
350910;2;;1;1;;
350920;4;3;;26;13;3
350925;21;1;;9;4;1
350930;9;2;1;1;;1
350940;3;3;;5;2;1
350950;52;125;14;279;328;21
350960;6;9;2;12;14;
350970;3;5;;29;7;
350980;15;11;;4;2;
350990;6;;;3;1;
350995;;;;1;;
351000;12;5;;5;5;
351010;3;;;1;;
351015;;1;;1;1;1
351020;21;10;;35;4;2
351030;27;9;1;13;10;
351040;2;3;1;11;4;1
351050;3;19;1;21;24;11
351060;7;26;2;182;45;32
351070;12;6;1;7;8;
351080;24;11;2;23;6;1
351090;2;;;3;1;
351100;55;4;1;4;7;
351110;25;14;4;109;51;1
351120;5;2;;5;4;
351130;11;1;;11;4;1
351140;11;;;10;1;
351150;2;3;;7;4;
351160;1;2;;1;;
351170;4;2;;3;4;
351190;4;;1;;1;
351200;2;3;;7;4;
351210;39;2;;;5;
351220;8;3;1;6;6;
351230;6;2;;12;1;
351240;2;;;15;2;
351250;2;3;;1;2;1
351260;;;;1;;
351270;2;1;;3;2;
351280;3;6;;6;24;
351290;5;1;;4;;
351300;36;30;3;165;37;5
351310;1;3;1;6;1;1
351320;3;;;4;2;
351330;2;;;;;
351340;7;7;4;58;19;5
351350;9;10;16;108;173;3
351360;4;;;11;;1
351370;14;5;1;11;24;
351380;73;35;5;121;99;5
351385;;;;3;1;
351390;29;7;;4;;
351400;1;;2;;1;
351410;4;1;;4;2;
351420;;1;;;;
351430;1;;;5;;
351440;6;;;14;1;
351450;5;;;3;1;
351460;2;2;;3;;
351470;9;3;;6;;
351480;15;;;3;1;
351490;2;;;3;3;
351492;6;1;;1;4;
351495;1;1;;2;;
351500;40;20;2;111;66;3
351510;14;22;1;87;31;2
351512;2;;;;;
351515;;1;;2;1;2
351518;51;13;1;67;24;
351519;4;;;;;
351520;11;2;1;4;5;
351530;2;;;;;
351535;23;6;;10;;
351540;4;;;;1;
351550;51;25;1;51;65;2
351560;15;1;;4;;2
351565;3;;;;;
351570;16;7;1;60;18;2
351580;;1;;;;
351590;2;;;5;;
351600;13;2;;5;3;
351610;1;;;3;;
351620;26;35;4;145;99;5
351630;3;12;3;109;48;2
351640;2;5;1;82;15;2
351650;1;;;;;
351660;3;3;;8;1;
351670;66;24;15;52;65;1
351680;1;1;;6;1;
351685;2;;;;2;
351690;9;4;;6;2;
351700;3;2;;5;4;
351710;6;;;3;1;
351720;4;2;;8;5;
351730;4;1;;10;4;
351740;27;7;1;38;13;1
351750;19;10;3;27;34;2
351760;90;4;;14;7;
351770;2;;;2;1;
351780;8;2;;3;1;
351790;2;1;;3;5;
351800;3;1;;5;;
351810;15;4;;5;7;
351820;62;22;9;36;30;1
351830;7;4;;17;13;
351840;13;7;;37;14;
351850;2;2;;3;;
351860;1;6;;15;5;
351870;;17;1;52;357;
351880;60;106;10;986;330;14
351885;;;;5;2;
351890;16;;;;1;
351900;4;;;3;2;
351905;5;;;1;2;
351907;18;51;6;145;112;9
351910;4;;;1;;
351920;2;;;;;
351925;;;;;2;
351930;4;;2;6;1;
351940;17;4;;11;16;
351950;2;1;;5;;
351960;8;3;;27;8;3
351970;42;4;;16;6;
351980;3;;;9;3;
351990;63;5;1;11;3;2
352000;1;1;;5;2;
352010;4;2;1;5;8;
352020;4;4;;6;2;
352030;9;3;;4;2;
352040;2;11;;25;19;
352042;3;;;3;;
352044;20;4;;9;11;
352050;9;6;;27;69;1
352060;;;;;1;
352070;13;4;;12;5;
352080;6;;;1;;
352090;1;1;;1;;
352100;1;5;;14;11;4
352110;2;;;8;10;1
352115;8;4;1;4;11;
352120;6;1;;1;;
352130;11;2;;6;5;
352140;1;3;;5;2;
352150;6;1;;9;;
352160;7;1;;1;1;
352170;31;3;;10;3;
352180;13;2;;8;4;
352190;14;5;;21;7;1
352210;7;16;;66;23;1
352215;5;;;2;1;
352220;3;18;2;108;24;2
352230;5;;2;;3;1
352240;46;3;1;22;9;2
352250;3;7;5;147;29;4
352260;18;12;;25;27;1
352265;2;;;4;1;
352270;8;3;;15;3;
352280;5;2;;9;1;
352290;;1;;7;5;
352300;14;1;;1;2;
352310;22;13;4;236;51;4
352320;8;10;;24;4;
352330;31;4;;10;;
352340;17;7;;11;44;
352350;17;2;;9;10;
352360;5;;;7;3;
352370;1;;;;;
352380;7;1;;2;4;
352390;1;5;3;25;5;1
352400;5;6;1;9;11;
352410;5;2;;7;7;1
352420;;;;1;;
352430;6;3;;11;9;
352440;2;10;;133;35;4
352450;7;2;1;9;4;
352460;15;3;;1;2;
352470;7;3;;9;6;1
352480;25;12;2;36;17;
352490;2;;;;;
352500;9;4;;53;12;3
352510;9;4;2;25;10;
352520;79;16;;36;35;3
352530;7;5;1;50;18;1
352550;10;1;1;13;11;
352560;1;2;;2;1;
352570;15;10;1;15;18;1
352580;3;;;4;2;
352585;1;;;1;;
352590;39;31;6;144;128;5
352600;13;7;;11;3;
352610;29;2;1;3;6;
352620;1;2;;24;6;1
352630;6;4;;2;4;
352640;3;3;;14;2;
352650;9;;1;9;3;
352660;1;2;;3;7;
352670;2;2;1;7;4;
352680;13;4;;26;50;
352690;20;64;3;175;184;5
352700;;;;5;2;
352710;13;2;2;31;31;
352720;1;4;;50;11;
352725;3;1;;3;3;
352730;16;;1;10;32;1
352740;5;1;1;3;1;
352750;1;;;;;
352760;;1;;3;1;
352770;1;;;;1;
352780;21;9;2;12;5;
352790;3;;;2;1;1
352800;1;;;1;1;
352810;12;3;;3;1;
352820;16;;;2;3;
352830;1;;;3;;
352840;2;1;;8;4;
352850;7;8;;35;23;
352860;6;1;;1;1;
352870;2;1;;1;1;
352880;3;;;3;1;
352885;17;3;;2;;
352890;2;;;3;1;
352900;76;100;15;293;127;7
352910;1;;;;1;
352920;11;;1;7;1;1
352930;2;;;3;3;
352940;64;34;5;270;122;53
352950;2;2;;6;1;
352960;7;;;5;1;
352965;2;;;4;;
352970;;;;2;;
352980;;1;;5;3;
352990;94;3;;12;1;
353000;1;;1;2;3;
353010;40;10;5;13;9;
353020;31;11;2;11;6;
353030;12;10;1;36;42;
353040;8;1;;3;4;
353050;55;14;1;76;37;4
353060;34;9;1;256;34;2
353070;19;3;5;15;16;
353080;32;21;1;66;37;
353090;;1;;3;;
353100;5;;;;2;
353110;2;5;;29;22;
353120;16;3;;5;2;
353130;;;;1;4;1
353140;16;5;5;9;10;
353150;7;1;;3;;
353160;3;2;1;2;;
353170;1;1;;;1;
353180;7;7;;32;8;
353190;5;;;;3;
353200;;1;1;3;7;1
353205;1;;2;;;
353210;16;3;;;1;
353215;7;2;;1;;
353220;16;1;;5;5;
353230;2;2;;6;1;
353240;10;5;;17;1;
353250;9;2;;15;4;
353260;5;2;;9;7;
353270;16;;;4;4;
353280;6;1;1;4;7;
353282;6;;;3;3;
353284;4;;;1;2;
353290;4;;;;1;
353300;34;9;;32;44;1
353310;1;;;5;2;
353320;15;1;1;4;1;
353325;5;;;2;2;
353330;3;;;1;;
353340;;;;10;11;
353350;7;10;;8;8;3
353370;24;8;1;5;4;1
353380;5;;1;;;
353390;16;11;;28;11;1
353400;3;1;;2;31;
353410;5;7;;7;1;
353420;1;1;;3;;
353440;12;18;3;199;70;95
353450;7;2;;4;3;
353460;1;2;;5;1;1
353470;6;4;;37;15;3
353475;33;13;4;17;16;1
353480;2;;;3;3;
353490;2;;;1;1;
353500;24;10;1;13;13;
353510;12;1;1;13;3;2
353520;10;2;;7;2;
353530;2;;;1;;
353540;3;2;6;3;2;
353550;23;11;2;29;21;
353560;4;3;;5;6;
353570;12;1;;5;8;
353580;;3;;;1;
353590;12;;;7;1;
353610;6;2;2;3;9;2
353620;44;2;;9;7;
353625;3;;1;3;2;
353630;4;;;1;;
353640;3;1;1;6;1;
353650;125;13;4;35;90;3
353657;1;;;1;;
353660;7;1;;;1;
353670;2;3;;5;3;
353680;1;;;2;;
353690;2;1;;;3;
353700;;1;;2;4;
353710;1;2;;5;4;2
353715;1;;;;;
353720;17;1;;6;1;1
353730;43;12;2;52;38;
353740;12;4;2;8;6;1
353750;2;2;;12;4;
353760;5;4;;22;5;
353770;2;;;;1;
353780;75;12;2;23;8;
353790;10;1;;;;
353800;12;16;6;76;38;
353810;6;3;;22;4;
353820;6;2;1;9;1;
353830;1;;;1;1;
353850;2;2;;5;6;
353860;4;1;;5;3;
353870;22;53;7;201;147;4
353880;26;1;1;7;4;
353890;3;;;;3;
353900;4;2;;7;1;1
353910;;;;4;8;
353920;8;;1;13;33;
353930;16;9;1;54;15;1
353940;;1;;;;
353950;8;2;;26;10;
353960;2;1;;5;10;
353970;1;;;1;;
353980;2;3;3;41;19;1
353990;1;;;;2;
354000;8;2;1;13;3;
354020;2;2;;11;10;
354025;5;2;;1;1;
354030;3;;;3;1;
354040;9;;;3;;
354050;;2;;5;1;
354060;8;5;;27;4;
354070;12;11;;56;24;
354075;1;4;;7;10;
354080;17;4;2;10;7;1
354090;;;;3;2;
354100;5;14;2;117;55;3
354105;3;2;;2;;
354110;;;;;1;
354120;3;1;;4;;
354130;10;6;;46;8;
354140;14;22;1;78;42;1
354150;14;8;;20;6;
354160;26;4;1;24;20;
354165;2;;;;;
354170;6;1;;7;2;
354180;3;2;;2;1;2
354190;3;;;;;
354200;4;1;;3;1;
354210;;;;2;1;
354220;27;12;1;35;18;
354230;6;1;;7;1;
354240;1;2;;10;1;
354250;2;;;;;
354260;93;4;2;21;10;3
354270;2;2;;3;;
354280;3;1;;2;;
354290;1;1;;4;;
354300;181;1;;10;4;
354310;2;;;3;1;
354320;5;3;16;;;
354325;;3;;1;1;
354330;11;10;2;63;42;3
354340;17;39;2;280;97;11
354350;3;2;;4;;
354360;1;1;;2;5;
354370;2;1;;2;3;1
354380;5;1;;5;1;
354390;36;42;5;219;241;10
354400;2;1;1;1;3;1
354410;;1;;28;3;3
354420;17;11;2;7;5;1
354425;10;10;1;18;6;
354430;3;3;;10;7;
354440;9;;;1;1;
354450;7;1;;2;5;
354460;3;;;3;;
354470;3;;;;;
354480;7;1;;3;;
354490;;;;;1;
354500;8;2;;15;;
354510;2;;;;;
354515;;1;;2;;
354520;;4;;27;12;
354530;17;4;;18;8;1
354540;3;;;4;;
354550;7;2;;1;;
354560;8;3;;17;6;
354570;3;1;1;6;;
354580;8;31;5;55;64;89
354600;1;1;;6;;
354610;;1;;1;17;
354620;2;;;;;
354625;1;;;;;
354630;9;;1;5;2;
354640;8;5;;4;17;
354650;3;;;3;1;
354660;22;19;1;30;58;
354670;5;14;2;15;68;1
354680;4;6;;23;7;2
354690;;;;2;1;
354700;10;3;;2;3;
354710;3;1;;1;;
354720;14;2;1;;2;
354730;6;14;;113;59;2
354740;4;3;;;10;
354750;2;2;;1;1;
354760;4;3;;5;2;
354765;3;;;;5;
354770;;1;;5;2;
354780;3;30;3;140;46;20
354790;4;1;;2;1;
354800;3;;;1;6;1
354805;2;1;;;;
354810;12;;;7;1;4
354820;2;;;7;2;
354830;;;;1;;
354840;;;;1;;
354850;25;26;7;60;181;23
354860;5;1;;10;3;
354870;12;47;3;407;167;22
354880;;2;;7;5;
354890;17;20;1;145;32;2
354900;1;1;;2;1;
354910;123;54;19;93;147;1
354920;6;1;;3;;
354925;2;1;;1;;
354930;;2;;1;;
354940;;1;;10;3;
354950;2;;;;1;
354960;;;;3;;
354970;20;4;;17;12;1
354980;86;197;20;365;485;22
354990;21;89;6;206;218;11
354995;3;;;4;12;1
355000;5;4;1;7;2;
355010;4;4;;11;5;
355020;57;5;1;13;5;
355030;1712;537;39;2246;1373;140
355040;13;11;1;17;21;
355050;4;3;;5;1;
355060;1;;;3;1;
355070;1;2;;26;5;
355080;33;3;3;10;3;
355090;1;;;2;1;
355100;17;32;8;203;100;11
355110;;;1;1;;
355120;3;1;;;;
355130;2;1;;4;1;
355140;;;1;1;2;
355150;;1;1;6;4;
355160;11;2;;9;4;
355170;2;3;;10;12;
355180;21;1;;;1;
355190;23;4;2;4;11;
355200;;;;1;1;
355210;30;4;1;9;22;
355220;18;28;4;115;33;
355230;68;4;6;8;6;
355240;7;19;3;74;68;5
355250;20;13;2;263;99;2
355255;8;1;1;1;1;
355260;9;3;;2;4;
355280;2;21;;113;54;2
355290;1;1;;4;1;
355310;6;2;;;1;
355320;5;;;;1;
355330;7;4;3;12;9;1
355340;43;12;3;32;11;1
355350;1;;;1;;
355360;9;;;3;8;
355365;4;;;1;1;
355370;19;8;;80;8;
355380;10;6;;14;6;
355385;9;;5;2;3;
355390;4;3;;5;2;
355395;1;1;;6;;
355400;14;12;;39;23;
355410;28;88;8;174;110;3
355420;5;;;2;;
355430;8;7;;6;9;1
355440;2;;;3;;
355450;;3;;;4;
355460;3;;;1;;
355465;;;;1;;
355470;2;;;3;4;
355475;1;;;;;
355480;3;2;;7;6;
355490;5;1;1;3;13;
355495;3;;;5;1;
355500;10;5;;45;13;2
355510;4;4;;7;2;
355520;5;1;;1;2;
355530;6;;;3;1;
355535;2;1;;4;2;
355540;5;13;3;17;26;5
355550;7;1;;2;1;
355560;18;7;;17;30;2
355570;1;;;3;1;
355580;7;3;;15;3;
355600;7;1;;6;1;
355610;4;1;1;6;5;
355620;13;17;;58;38;
355630;35;11;7;11;10;
355635;3;;;6;5;
355640;12;7;1;28;12;
355645;4;4;1;26;9;1
355650;4;8;;30;21;
355660;13;6;1;15;;1
355670;7;11;;27;31;
355680;11;4;1;5;;
355690;1;;;1;;
355695;2;;;1;;1
355700;3;5;2;54;12;
355710;43;36;4;77;62;4
355715;2;;;3;7;
355720;3;2;;8;;
355730;6;2;;7;4;
410010;18;;;2;1;
410020;1;;;2;1;
410030;12;1;;1;3;
410040;39;12;3;129;83;
410045;5;2;;2;1;
410050;10;9;1;8;5;2
410060;7;6;;3;2;
410070;4;;1;;12;
410080;13;9;1;5;7;
410090;5;1;;5;2;
410100;19;3;;8;5;
410105;21;6;;2;14;
410110;17;7;1;8;3;
410115;19;6;;2;10;
410120;2;2;;2;1;
410130;94;2;;6;2;
410140;160;88;5;220;170;5
410150;73;49;1;110;74;4
410160;25;16;7;7;11;4
410165;14;2;;3;1;
410170;23;4;;4;3;
410180;73;22;21;159;83;6
410185;13;1;1;9;;
410190;11;7;;5;6;
410200;20;11;;17;20;1
410210;36;13;2;24;45;2
410220;6;4;;;4;
410230;12;1;;8;10;
410240;22;4;2;15;4;
410250;24;4;;3;3;
410260;4;3;;3;1;
410270;2;;;4;;
410275;18;2;;1;6;
410280;11;6;1;5;8;
410290;18;3;;13;12;
410300;10;2;;1;3;1
410302;5;2;;1;;
410304;20;2;;3;;
410305;45;8;3;9;17;1
410310;7;3;;10;2;1
410315;34;;;2;1;
410320;19;5;;2;14;
410322;11;4;;4;4;
410330;18;1;;6;;
410335;43;3;6;4;1;
410337;2;1;;1;;
410340;7;;;2;13;
410345;20;7;;9;29;
410347;4;1;;3;;
410350;18;4;;6;4;
410360;17;5;;13;5;
410370;67;55;10;83;64;9
410380;28;11;1;9;12;
410390;19;1;;8;;
410395;11;2;;4;2;
410400;16;9;;36;72;2
410405;16;2;;;4;
410410;9;2;;6;7;
410420;18;9;;63;41;3
410425;17;8;;34;17;
410430;78;40;2;90;47;
410440;19;2;;7;1;
410442;45;5;;9;4;
410445;17;3;;12;5;
410450;25;9;1;1;9;
410460;19;7;;9;16;
410465;6;1;;2;5;
410470;9;2;;1;4;
410480;326;225;8;378;661;24
410490;76;13;1;31;36;2
410500;18;1;;6;12;
410510;7;;1;2;16;
410520;13;2;;3;4;
410530;22;5;2;4;20;
410540;68;11;;27;12;
410550;62;51;;51;116;1
410560;7;6;1;7;5;1
410570;23;4;;13;4;
410580;72;32;2;239;154;6
410590;34;12;;22;54;2
410600;20;1;;2;;
410610;;;;3;;
410620;14;1;1;9;7;
410630;29;7;;19;8;
410640;41;11;2;20;31;3
410645;105;7;;11;15;1
410650;76;19;;19;49;
410655;18;2;;4;2;
410657;6;2;;1;2;
410660;10;4;;8;22;
410670;12;1;;6;4;
410680;15;2;;4;3;3
410685;3;;;2;;
410690;481;339;6;1685;1642;66
410700;3;;;;;
410710;7;4;;8;4;
410712;21;1;;3;2;
410715;12;;;1;2;
410720;38;12;4;19;16;1
410725;13;5;1;2;11;1
410730;8;;;4;4;
410740;9;1;;4;5;
410750;11;6;;2;7;
410752;;;;1;;
410753;1;;;;;
410754;190;1;;2;1;
410755;11;2;;2;1;
410760;11;3;;2;1;
410765;33;21;;98;54;3
410770;5;;1;;3;
410773;24;2;;3;2;
410775;1;;1;6;2;
410780;11;3;;3;3;
410785;26;;;6;;
410790;23;5;2;12;18;3
410800;5;;;2;;
410810;23;3;;2;16;
410820;9;;;1;5;
410830;89;179;19;197;194;12
410832;6;2;;2;2;
410840;67;29;2;57;51;
410845;5;1;;3;1;
410850;7;1;1;5;;
410855;16;1;;2;;
410860;33;9;;18;14;
410865;19;1;;3;2;
410870;20;;;;;
410880;14;4;;12;31;
410890;25;3;;4;8;
410895;242;1;1;4;8;
410900;2;;;1;1;
410910;;1;;1;1;
410920;11;2;;5;5;
410930;73;7;;17;13;1
410940;108;11;2;61;49;
410950;12;1;1;2;2;
410960;12;11;1;15;31;
410965;28;6;1;6;1;
410970;34;4;;23;11;
410975;12;6;;4;7;
410980;56;33;;51;51;3
410990;7;3;;5;3;
411000;9;7;1;2;19;
411005;22;2;5;2;1;
411007;16;1;;8;5;
411010;60;3;1;16;16;1
411020;17;5;;9;14;
411030;7;1;;7;3;
411040;5;2;1;2;3;
411050;43;2;;7;2;
411060;7;2;;1;6;
411065;5;2;1;4;6;
411070;151;28;5;48;53;
411080;27;2;;8;3;
411090;9;1;;2;31;
411095;28;11;;8;12;
411100;12;2;;7;;
411110;25;13;;5;10;
411120;30;10;;18;25;
411125;;5;;9;9;
411130;7;4;;4;4;
411140;94;4;;2;1;1
411150;51;6;;22;14;
411155;4;;;;1;
411160;5;1;;3;2;
411170;7;;;2;;
411180;14;7;;13;21;
411190;10;3;;19;64;
411200;17;1;;18;7;
411210;78;21;;29;28;
411220;15;1;;2;1;
411230;10;1;;;;
411240;11;;;7;8;
411250;10;;;6;1;
411260;;;;;3;
411270;19;6;1;7;8;
411275;14;2;2;3;1;
411280;5;4;3;9;15;1
411290;4;;;1;1;
411295;13;3;;7;1;
411300;23;3;1;2;2;
411310;18;;;4;1;
411320;45;8;;21;11;1
411325;11;1;;3;3;1
411330;51;17;2;25;11;4
411340;8;2;;2;2;
411342;23;;;14;5;1
411345;19;2;;5;4;
411350;7;4;;8;12;
411360;8;6;1;5;4;
411370;353;310;21;439;386;31
411373;33;5;2;11;9;
411375;8;;;3;;
411380;26;3;1;4;20;
411390;31;1;;5;3;
411400;65;4;;12;12;1
411410;24;16;;14;49;1
411420;53;21;;40;87;2
411430;5;1;;8;4;1
411435;14;;;;2;
411440;66;7;2;16;10;
411450;14;2;;3;2;
411460;45;12;;16;28;
411470;6;1;;1;;
411480;135;33;1;51;79;1
411490;42;4;;6;4;
411500;22;5;1;5;15;
411510;3;;1;;5;
411520;236;258;3;238;910;50
411530;23;1;;9;15;
411535;6;;1;3;5;
411540;27;9;3;11;18;5
411545;27;2;;4;1;
411550;10;2;;5;2;
411560;49;9;5;17;31;
411570;11;26;1;36;27;2
411573;22;1;;3;2;
411575;13;;;9;1;
411580;23;8;1;17;67;
411585;12;5;;2;1;3
411590;2;;;2;4;
411600;2;;;2;;
411605;7;1;;7;2;1
411610;24;2;;4;12;
411620;25;3;;6;6;1
411630;5;;;1;9;1
411640;6;1;;3;9;
411650;3;;;2;2;
411660;8;;4;2;1;
411670;29;6;;6;28;1
411680;7;1;;2;1;
411690;23;26;;22;47;1
411695;4;1;;1;1;
411700;13;1;;2;3;
411705;43;2;;12;2;
411710;10;7;;11;13;1
411720;6;1;;3;4;
411721;8;1;;2;6;
411722;40;6;1;;3;
411725;11;3;;5;2;
411727;31;5;;4;7;
411729;3;1;1;2;;
411730;27;3;2;4;7;
411740;5;1;;3;4;
411745;8;4;;9;1;
411750;18;11;3;30;100;4
411760;56;18;1;54;54;
411770;72;3;2;26;12;
411780;60;4;;9;9;
411790;38;17;;11;23;
411800;3;;;6;23;
411810;11;5;1;5;17;1
411820;36;6;;67;27;2
411830;6;;;;2;
411840;67;36;1;83;101;10
411845;3;1;;;2;
411850;89;40;2;83;97;
411860;19;;;1;3;
411870;159;2;;4;7;
411880;27;8;1;12;13;
411885;9;;1;3;5;
411890;10;2;;3;1;
411900;24;2;;;2;
411910;76;1;;3;5;
411915;10;25;1;113;59;2
411920;17;;1;4;;
411925;15;1;;;1;
411930;56;6;;13;2;
411940;20;3;;14;5;
411950;15;23;;86;95;3
411960;55;1;2;16;6;1
411965;5;1;;;;
411970;18;;3;1;10;1
411980;12;4;;3;3;
411990;81;50;3;160;128;4
411995;5;16;;12;9;1
412000;4;2;;7;6;
412010;6;;;;;
412015;15;2;;1;;
412020;8;2;;6;5;
412030;2;;;;2;
412033;4;1;;1;2;
412035;8;4;;2;4;
412040;4;5;;2;7;1
412050;8;3;;8;1;
412060;188;7;;29;11;2
412065;16;1;;3;3;
412070;4;;6;11;3;
412080;3;3;;12;27;1
412085;6;;;1;4;
412090;59;11;;20;9;
412100;72;5;;19;11;
412110;21;3;;2;5;
412120;72;6;;9;17;
412125;19;3;;3;1;
412130;6;1;;;1;
412135;2;1;;;2;
412140;22;9;;7;2;
412150;80;10;1;9;12;
412160;23;2;;7;6;
412170;34;1;;4;2;
412175;16;2;;2;;
412180;11;3;;7;16;
412190;14;2;;7;3;
412200;83;1;;5;5;1
412210;24;2;;3;5;
412215;66;7;1;13;3;1
412217;5;;;;1;
412220;10;6;1;34;11;2
412230;16;4;1;9;2;
412240;28;12;4;45;47;4
412250;24;10;2;5;5;
412260;6;;;1;2;
412265;3;;;3;2;
412270;7;;;8;3;
412280;14;1;;1;2;
412290;2;;;1;;
412300;16;7;;5;6;
412310;7;1;;1;3;
412320;11;7;1;2;1;
412330;17;3;;4;2;3
412340;24;20;1;7;17;
412350;15;3;;9;3;
412360;3;1;;;13;
412370;10;3;2;2;;2
412380;36;1;;20;11;
412382;30;2;;5;3;
412385;23;;;3;3;
412390;5;1;;2;3;
412395;3;;;3;;
412400;5;2;;1;;
412402;27;4;10;13;37;1
412405;16;9;;16;16;4
412410;15;;;8;4;
412420;3;2;;1;5;
412430;4;;;;;
412440;9;10;;5;4;
412450;13;3;;;38;
412460;4;4;;6;10;
412470;19;3;;9;;
412480;30;8;1;10;11;
412490;8;2;;3;4;
412500;21;8;;6;8;
412510;55;1;1;1;1;
412520;3;1;;;;
412530;16;1;;4;5;
412535;7;4;;2;4;
412540;4;;;2;;
412545;4;3;;3;;
412550;66;42;2;241;232;8
412555;4;;;1;5;
412560;63;13;;14;21;1
412570;27;15;2;13;29;1
412575;11;3;;12;2;1
412580;4;;;3;2;
412590;5;2;;2;1;
412600;28;6;;13;4;1
412610;6;2;;3;1;
412620;9;1;;4;;
412625;39;54;4;108;206;12
412627;23;5;;5;3;
412630;7;3;;5;3;
412635;14;2;;2;2;
412640;29;4;1;7;6;
412650;73;26;6;17;66;
412660;7;;;8;7;
412665;15;;;3;11;
412667;120;18;;29;13;1
412670;6;3;;9;7;
412680;20;1;;20;25;2
412690;1;;;;2;
412700;39;6;;8;7;1
412710;32;12;1;46;71;
412720;26;11;1;19;69;
412730;18;2;;7;2;
412740;24;4;1;10;6;
412750;39;2;;7;5;
412760;46;6;;10;13;
412770;47;40;1;104;81;1
412780;21;2;3;2;3;
412785;37;7;;11;10;
412788;;;;2;;
412790;12;;1;3;12;
412795;18;3;;5;9;1
412796;18;1;;1;2;
412800;29;5;;18;7;2
412810;14;13;;37;27;
412820;9;9;1;24;17;
412830;3;;;3;3;
412840;13;;1;3;2;
412850;27;3;;10;4;
412853;9;;1;8;3;
412855;32;2;;5;16;
412860;50;6;1;9;10;
412862;;1;;;;
412863;12;1;;2;;
412865;15;1;;3;2;
412870;17;5;;5;4;1
412880;2;;;1;;1
420005;1;;;;;
420010;44;9;;7;6;3
420020;10;2;;2;1;
420030;7;1;1;1;1;
420040;6;;;2;;
420050;5;1;;1;2;
420055;6;1;;1;1;
420060;13;1;;;;
420070;43;1;;;;
420075;2;;;;;
420080;21;2;;3;5;
420090;17;1;;1;;
420110;5;;;;;
420120;10;2;1;4;4;
420125;25;4;;5;2;
420127;2;1;;;;
420130;12;6;;13;6;
420140;46;22;1;38;39;2
420150;4;1;;1;1;1
420160;3;;;5;1;
420165;2;;;1;;
420170;5;3;;1;2;
420180;17;3;;1;1;
420190;8;;;1;;
420195;6;6;2;4;16;
420200;7;16;;36;19;
420205;1;1;;7;1;
420207;4;;1;3;1;
420208;5;2;;;2;
420209;3;;;1;;
420210;9;5;;20;3;1
420213;11;;;1;1;
420215;8;1;;2;2;
420220;8;1;;5;3;
420230;10;14;1;28;11;1
420240;29;69;2;109;44;6
420245;1;;;6;4;
420250;3;;;2;;
420253;4;4;2;4;1;
420257;1;;;;;
420260;10;3;;;1;
420270;3;2;;3;;
420280;18;6;;16;30;3
420285;;1;;;;
420287;2;;;1;;
420290;11;11;;29;49;5
420300;19;15;1;32;19;6
420310;73;2;1;;7;
420315;6;;;;;
420320;6;6;;38;13;1
420325;2;;;;1;
420330;6;8;;7;4;1
420340;4;;;1;;
420350;21;;;4;4;
420360;2;1;;9;2;
420370;;1;;5;2;1
420380;31;5;;11;14;1
420390;6;2;;2;6;
420395;8;15;;14;14;
420400;2;4;;2;3;
420410;1;1;;;2;
420415;;;;1;1;
420417;1;;;;;
420419;4;;;;;
420420;62;68;5;95;174;7
420425;4;4;1;8;4;
420430;19;7;1;9;22;1
420435;7;;;2;2;
420440;23;5;;4;11;
420445;9;1;;2;;
420450;27;7;;2;3;
420460;48;49;4;122;152;2
420470;36;5;;3;5;
420480;22;9;;36;25;
420490;8;3;;2;9;
420500;14;2;;6;1;
420510;11;1;;2;2;
420515;3;1;;1;;
420517;21;2;;7;5;
420519;1;;;1;;
420520;7;3;;2;;
420530;7;2;1;3;2;
420535;5;;;;2;
420540;50;138;13;157;182;9
420545;34;10;2;11;23;
420550;12;8;1;23;13;5
420555;2;;;1;1;
420560;6;3;;4;3;
420570;1;1;;1;;
420580;14;4;;5;6;1
420590;23;9;;17;13;
420600;2;;;1;2;1
420610;12;1;;4;;
420620;6;5;;4;2;
420630;4;3;;1;2;
420640;18;4;;2;8;
420650;62;14;4;26;10;
420660;29;4;;4;3;
420665;11;2;;2;5;
420670;16;7;;12;12;
420675;2;3;;;1;
420680;3;1;;;5;
420690;52;18;;10;9;1
420700;43;15;;28;17;
420710;10;7;;13;4;
420720;3;1;;;1;
420730;8;6;;12;7;
420740;36;4;;;1;1
420750;10;8;;10;6;1
420760;3;;;1;;
420765;5;1;;;3;
420768;42;9;1;9;9;
420770;3;;;3;1;
420775;3;;;1;3;
420780;5;;;4;1;
420785;5;;;1;3;
420790;44;1;;2;1;
420800;1;;;;;
420810;112;9;;10;10;1
420820;29;68;;183;63;1
420830;3;8;;8;7;
420840;3;;;3;28;
420845;2;3;;4;3;1
420850;33;2;;5;2;
420860;2;;;2;;
420870;20;1;;1;;1
420880;14;1;;6;8;
420890;80;37;;57;35;9
420900;12;4;;10;18;3
420910;85;126;1;355;159;3
420915;50;4;;2;;
420917;2;;;;1;
420920;1;;;1;;
420930;13;15;1;19;15;10
420940;;8;;3;9;
420945;6;1;;1;1;
420950;2;2;;3;5;
420960;4;7;;3;5;
420980;9;1;;1;;
420985;7;;;3;1;
420990;26;12;;4;;
421000;27;5;;8;3;
421003;1;1;1;1;3;
421005;1;1;;1;;
421010;30;12;1;36;22;
421020;2;;;1;;
421030;16;;;1;1;
421040;6;3;;2;1;1
421050;1;1;;2;5;
421055;6;2;;1;;1
421060;36;15;;5;10;
421080;18;;;2;6;
421085;4;;;;1;
421090;3;;;1;6;
421100;3;;;1;5;1
421105;3;;;7;;
421110;6;3;;2;;
421120;22;16;;18;25;
421125;4;2;;2;4;
421130;10;8;3;42;18;3
421140;6;1;;3;7;
421145;16;;;2;5;
421150;8;4;;;;
421160;3;1;;2;10;
421165;1;;;;1;
421170;35;13;1;19;11;
421175;2;1;;1;2;
421180;1;;;1;1;
421185;7;1;;3;1;
421187;3;1;;;1;
421189;2;;;2;1;
421190;29;25;12;84;40;
421200;23;6;;5;1;
421210;30;4;1;2;7;
421220;50;2;;5;1;
421223;5;5;;1;9;
421225;1;;;1;2;
421227;4;1;;1;2;
421230;1;1;;2;1;
421240;8;1;;2;;
421250;3;4;;19;3;
421260;3;;;1;1;
421265;2;2;;3;1;
421270;52;1;;3;;
421280;9;6;;13;19;
421290;17;5;;4;9;
421300;8;;;1;4;
421310;3;1;;3;;
421315;2;;;;;
421320;12;13;;14;5;1
421330;;2;;1;;
421335;1;1;;;1;
421340;10;3;;5;11;
421350;2;;;6;3;
421360;20;7;1;16;3;
421370;31;3;;1;8;4
421380;7;;;3;1;
421390;1;;;;;
421400;46;8;;7;21;
421410;6;2;;;;
421415;15;2;;8;1;
421420;3;3;;;11;
421430;7;3;;1;1;
421440;16;1;;2;;1
421450;225;2;;2;5;
421460;23;2;;2;3;
421470;2;1;;;;
421480;17;17;1;13;11;1
421490;6;;1;;10;
421500;8;;;6;3;
421505;;1;;;;
421507;21;1;;3;5;
421510;4;4;;3;1;
421520;9;;;3;1;
421530;43;10;;5;5;
421535;5;;;;3;
421540;2;;;4;;
421545;11;4;;2;5;
421550;2;;;4;2;
421555;2;;;;1;
421560;4;;;1;;
421565;10;;;1;2;1
421567;187;3;;;1;
421568;9;5;;3;3;
421569;1;;;;1;1
421570;16;4;1;12;1;
421575;5;;;;1;
421580;7;10;;7;7;2
421590;5;;;2;;
421600;1;;;;1;1
421605;1;1;;2;1;
421610;22;1;;1;4;
421620;8;4;;13;18;
421625;6;;;;1;
421630;2;3;;7;3;
421635;11;;;2;5;
421640;5;2;;2;2;
421650;14;2;;2;4;
421660;36;52;6;83;60;3
421670;40;11;;9;6;
421680;1;;;;1;
421690;8;1;;3;6;
421700;9;3;1;5;3;
421710;2;;;;;1
421720;17;17;2;30;51;
421725;4;;3;2;;
421730;7;1;;;4;1
421740;24;10;;9;7;
421750;2;;;;3;
421755;10;1;;;;
421760;3;9;;7;6;
421770;24;8;1;10;2;1
421775;3;;;2;1;
421780;26;3;1;2;1;1
421790;3;3;;9;1;
421795;1;;;;1;
421800;6;3;;7;7;1
421810;2;;;1;1;
421820;7;4;;3;2;
421825;;1;;;;
421830;10;6;;6;9;
421835;2;;;;1;
421840;11;2;;1;2;
421850;3;1;;4;1;
421860;22;9;;1;7;
421870;43;35;;81;40;5
421875;8;1;;1;3;
421880;7;1;;;1;
421885;2;;;;3;
421890;1;;;;;
421895;1;;;;;
421900;8;;;2;2;
421910;5;2;1;1;1;
421917;3;3;;2;1;
421920;27;;1;;2;
421930;32;17;;22;44;6
421935;76;4;;2;;
421940;48;1;;1;1;
421950;73;42;6;55;117;2
421960;5;;;1;;
421970;20;7;;29;59;
421985;;;;1;;
422000;2;1;;6;4;
430003;3;;;2;1;
430005;2;;;1;1;
430010;21;1;;;4;
430020;7;;;;;
430030;2;;;;1;
430040;47;13;;14;25;
430045;3;;;;;
430047;5;1;;;1;
430050;113;3;;2;;
430055;2;1;;;;
430057;7;;;;1;
430060;;3;;6;11;
430063;26;2;;;;
430064;;1;;;2;
430066;1;;;;;
430070;33;;;2;9;
430080;10;1;;2;2;
430085;;;;;1;
430087;;1;;3;;
430090;1;;;;;
430100;5;3;;1;4;
430105;1;1;;3;;
430110;;;;;1;1
430120;87;1;;4;2;
430130;6;1;;;3;
430140;33;2;1;5;6;
430150;1;1;;;;
430155;6;;;;1;
430160;11;1;;12;7;
430163;;2;;1;;
430165;;2;;;1;2
430170;6;1;;2;8;
430175;17;;;1;;
430180;;;;;1;
430185;1;;;1;;
430187;;2;;;;1
430195;7;6;;1;8;
430200;108;1;;3;1;
430205;9;;;;;
430210;219;44;3;31;360;
430215;;1;;;;
430220;4;6;;1;1;
430222;4;;;;;
430223;5;1;;;;
430225;2;;;1;2;
430230;3;;;1;;
430235;;1;;;1;
430240;2;2;;3;5;1
430245;21;;;1;;
430250;17;1;;;;
430258;2;1;;;;
430260;2;;;;1;
430265;;;;1;2;
430270;;;;1;;
430280;;;;;1;
430290;3;;;;;
430300;88;25;;46;24;2
430310;;3;;1;9;6
430320;15;;;;;
430330;4;1;1;1;;
430340;2;;;;3;
430350;9;1;;2;;
430355;3;1;;3;6;
430360;2;;;;;
430367;3;1;;;;
430370;4;;;2;;
430380;1;;;;;
430390;3;8;;19;21;
430400;;;;1;1;
430410;5;;;1;;
430420;20;5;;2;1;
430430;5;;;;;
430435;6;;;;;
430440;4;;;;16;
430450;40;8;;1;5;
430460;4;3;22;27;24;5
430461;2;;;1;;
430462;2;;;1;1;
430463;8;16;;26;13;1
430465;6;;;1;;
430466;4;2;;3;;
430467;3;;;;1;
430468;1;;;2;2;
430470;19;5;1;13;22;3
430471;4;;;;2;
430480;4;1;1;3;77;4
430485;7;;;;1;
430490;10;;;3;4;
430495;1;;;;7;
430500;7;1;;;1;
430510;74;36;1;91;169;4
430511;3;;;;1;
430512;1;1;;2;;
430513;35;2;;;;
430515;2;;1;;1;
430517;3;;;;;
430520;1;;;;;
430530;15;1;;;7;
430535;;;;1;9;2
430537;3;;;;1;
430540;;;3;;1;
430544;7;;;1;;
430545;;;;1;;
430550;4;1;;3;1;
430558;2;;;;;
430560;6;1;1;;;
430570;6;;;2;1;
430580;2;1;;;;
430583;1;;;;;
430585;12;1;;;3;
430587;9;1;2;;;
430590;7;;;;5;
430593;6;1;;;2;
430595;18;;;;12;2
430597;12;;;2;2;
430600;32;8;;;7;
430605;10;;;1;;
430607;1;;;;2;
430610;20;12;3;9;6;
430620;5;4;;2;3;
430630;9;;;;;
430632;4;;;;1;
430637;1;;;;;
430640;1;2;;1;8;
430642;2;;;;1;
430650;260;5;;2;;
430660;21;1;1;2;1;1
430670;7;;;1;;
430673;3;;1;1;;
430675;3;;;;;
430676;3;;;4;6;
430680;2;2;;2;6;8
430690;1;1;;;;
430692;1;;;;1;
430693;2;;;3;;
430695;2;1;;;2;
430697;2;;;;2;
430700;18;9;;12;18;6
430705;3;3;1;;1;
430710;3;3;;;1;
430720;4;1;;;;
430730;4;;;;5;
430740;1;;;;;
430745;1;;;1;1;
430750;16;1;;1;2;
430755;9;1;;2;15;
430760;2;6;;14;14;
430770;;;;;13;
430780;2;3;1;2;7;
430781;62;;;6;2;
430783;6;;;;;
430790;8;4;;7;21;
430800;7;;;;1;
430805;5;1;1;1;;
430807;1;;;;1;
430810;5;;;2;1;
430820;9;1;;1;2;
430825;1;;1;;2;
430830;3;1;;1;1;
430840;2;;;1;;
430843;3;;;;2;
430850;4;2;;1;49;
430860;14;6;;6;43;
430870;1;;;;;
430880;1;;;;2;
430885;2;;;;2;
430890;12;1;;4;10;
430900;6;;;;;
430905;2;;;;4;
430910;11;6;;9;37;
430912;4;;;;;
430915;28;;;;;
430920;2;2;11;13;40;21
430930;5;1;1;;43;
430940;12;1;;5;17;
430950;10;;;1;2;
430955;;;;;1;
430957;16;;;;;
430960;3;1;;;;
430965;1;;;;;
430975;31;1;;1;1;
430980;2;;;;1;
430990;12;1;;2;2;
430995;6;1;1;;;
431000;11;1;;2;1;
431010;2;1;;3;;
431020;33;5;1;21;13;6
431030;1;1;;;;
431033;;3;;1;15;
431036;2;;;;;
431040;6;;1;4;1;
431041;1;;;;;
431043;9;2;;;1;
431046;2;;;;;
431050;1;;;;5;
431053;2;2;;1;2;
431055;4;;;;1;
431057;4;1;;;1;
431060;3;;;2;1;
431065;5;2;;2;2;
431070;7;1;;;;
431075;9;1;;1;;
431080;3;1;;;11;
431085;6;;;;1;
431087;4;;;1;;
431100;4;;;;4;
431110;26;1;;;2;
431112;1;;;;;
431113;3;;;;;
431115;4;;;;;
431120;13;1;;;;
431123;10;;1;;1;
431125;22;1;;;;
431127;4;;;;;
431130;13;3;;3;13;
431140;9;16;2;20;75;3
431142;1;;;;2;
431150;17;1;1;;;
431160;3;;;;;
431162;;;;1;3;
431164;;;1;1;1;
431170;9;;;2;2;
431173;4;;;1;;
431175;8;;;;1;
431177;7;1;1;1;1;
431179;1;;;;1;
431180;39;16;1;26;87;
431190;1;;;;;
431198;;;;;1;
431200;4;;;;1;1
431205;3;;;;;
431210;8;;;;1;
431213;3;;;;2;
431215;7;;;3;;
431217;4;;;;1;
431220;10;;;;3;
431230;7;;;;2;
431235;3;;;1;;
431237;4;;;;;
431238;16;1;;;4;
431240;5;2;;11;22;2
431242;4;;;;1;
431244;1;;;;;
431245;1;;;;;
431247;;1;;;1;
431250;10;1;;2;;
431261;7;;;;1;
431262;8;;1;;;
431265;5;;1;;1;
431267;6;2;;1;1;
431270;23;7;1;4;7;
431275;22;;;1;16;
431280;1;1;;1;1;
431290;;;;;2;
431295;25;;;;1;
431300;1;;1;;;
431301;4;;;;;
431303;4;;;1;4;
431306;5;5;1;2;8;
431308;3;;;;;
431310;4;;;1;;
431320;6;2;;1;1;
431330;4;1;;1;8;
431333;3;;;;;
431335;2;;;1;;
431337;9;2;;9;10;
431339;40;3;;2;1;
431340;2;4;1;10;15;
431342;4;;;1;;
431344;3;;;;;
431349;6;2;;1;1;
431350;8;2;5;2;7;1
431365;10;1;;;;
431370;12;2;7;7;7;
431380;5;;;1;4;
431390;12;3;4;4;8;
431395;1;1;;;1;
431400;1;;;;1;
431402;42;;;1;1;
431403;1;;;1;;
431405;3;5;1;13;6;
431406;32;1;;;;
431407;21;;;;;
431410;29;32;2;56;88;6
431413;1;;;;;
431415;10;3;1;2;6;
431417;9;2;;;;
431420;7;;;;;
431430;4;;;1;;
431440;14;24;2;46;19;3
431442;;;;;3;
431445;;;;;1;
431446;2;;;;1;
431447;7;;;1;;
431449;7;;;;1;
431450;4;;;;;
431454;8;1;;;4;
431455;6;;;;1;
431460;3;4;;2;;
431470;5;1;;;;
431475;6;;;2;2;
431477;4;;;;1;
431480;1;3;;8;4;
431490;9;21;3;53;103;10
431500;4;1;;;;
431505;5;;;1;;
431510;1;;;;;
431513;10;;;2;;
431514;1;;;1;5;
431515;70;;;2;;
431530;2;;;1;;
431531;1;;;;;
431532;8;;;1;;
431535;4;;;;;
431540;;;;1;1;
431545;1;;;1;;
431550;16;1;;1;1;
431555;10;1;;4;;
431560;12;25;;22;37;3
431570;16;5;1;5;3;
431580;;;;;1;
431590;1;;;;;
431595;4;;;;;
431600;10;3;;4;7;
431610;6;1;;;1;
431620;3;;;;;
431630;2;;;;;
431640;5;3;;5;5;
431642;1;;;1;;
431643;5;1;;1;;
431645;10;4;;;4;
431650;7;1;;1;5;
431660;6;1;;2;2;
431670;3;;;5;;
431673;4;;;;1;
431675;12;5;2;;;
431680;43;30;2;34;39;2
431690;19;39;1;35;54;4
431695;1;;;;;
431697;1;;;1;1;
431700;1;;;;;
431710;20;;;12;6;
431720;38;8;;23;45;
431725;4;;;;1;
431730;17;1;;2;;
431740;27;10;;14;11;
431750;4;;;2;20;
431755;1;;;1;;
431760;7;1;;5;20;
431770;5;;;;1;
431775;4;1;1;;1;
431780;3;;;;;
431790;9;;;1;1;
431795;;;;1;;
431800;7;3;;3;4;
431805;3;;;;3;
431810;4;2;;3;;
431820;3;1;;2;6;
431830;17;7;;10;21;
431840;4;;;;2;
431842;1;;;1;3;
431843;3;;;;;
431844;1;;;;;
431845;12;;;1;;
431846;6;1;;;1;
431848;3;;;;;
431849;1;;;;;
431850;4;7;;1;1;
431860;5;;;;2;
431861;9;2;;;2;
431862;4;;;1;;
431870;5;8;3;30;11;
431880;7;2;;2;;
431890;16;6;;4;7;
431900;9;4;;3;5;
431910;;;;1;;
431912;2;;;1;;
431915;1;;;;;
431920;1;;;;;
431930;3;1;;;;
431935;1;2;;;5;
431936;2;;;;;
431937;1;;;;;
431940;7;1;;2;;
431950;1;;;;3;
431960;16;2;;1;3;
431970;3;;1;1;;1
431973;1;;;;;
431980;6;;;;1;
432000;1;2;2;8;33;5
432010;9;2;;8;14;
432020;20;;;1;6;
432023;1;;;;;
432026;1;;;;;
432030;3;;;;;
432032;24;1;;1;;
432035;2;3;;;;
432040;6;5;;14;12;1
432045;1;;;;;
432050;6;;;2;1;
432055;1;;;;;
432057;13;;;;;
432065;5;;;;4;
432067;36;4;;2;3;
432070;10;;;2;2;
432080;8;3;1;1;9;
432085;;;;;1;
432090;7;3;;3;29;
432100;1;;1;1;2;
432110;1;1;1;1;;
432120;1;;;3;5;
432130;3;;;;2;
432132;1;;;;;
432140;7;5;;7;3;
432143;37;11;1;10;12;
432145;37;31;2;22;95;1
432146;3;2;;2;1;
432147;2;1;;;1;
432149;14;1;;;;
432150;9;18;;8;5;1
432160;1;1;2;7;4;
432163;3;;;;;
432166;13;;;1;1;
432170;;1;;2;2;
432180;21;8;;3;17;
432183;8;;;;;
432185;1;;;;1;
432190;5;2;3;1;2;
432200;5;;;2;3;1
432210;7;;;1;2;
432215;16;1;;;;
432220;9;2;1;3;;
432225;;;;1;;
432230;9;;1;1;2;
432232;3;;;1;;
432234;1;;;;;
432237;3;;;;;
432240;40;14;1;40;27;
432250;68;13;1;28;49;
432252;13;2;;;2;
432253;3;;;;;
432254;4;;;;1;
432255;3;;;;;1
432260;80;9;1;27;30;2
432270;12;2;;2;4;
432280;2;1;;1;5;
432285;5;;;;;
432290;2;;;1;;
432300;4;4;;8;7;3
432310;5;1;;;3;
432320;2;1;;1;;
432330;20;2;;;;
432335;6;;;;;
432340;10;1;;3;1;
432345;;1;;;;
432350;1;;;;;
432360;1;;;;3;
432370;4;2;;;;
432375;2;;;;;
432377;4;5;;;10;
432380;2;9;1;2;4;
500020;5;5;;5;1;
500025;8;5;;1;;
500060;52;10;3;21;6;
500070;10;4;2;6;5;1
500080;4;;;;;
500085;4;1;;2;;
500090;9;2;1;;1;
500100;5;3;;6;3;
500110;8;11;9;10;29;
500124;26;2;;4;;
500150;6;;;;1;
500190;4;2;;5;1;
500200;9;3;;1;10;
500210;9;6;;3;3;
500215;4;8;2;;2;
500220;1;2;;1;1;1
500230;8;3;1;8;5;
500240;64;15;1;15;5;
500260;6;1;;3;1;
500270;129;258;48;586;410;19
500280;5;;;;5;
500290;20;8;2;10;31;
500295;41;16;;22;16;
500310;1;;;2;;
500315;12;;;;1;
500320;3;17;7;12;39;
500325;89;13;1;19;16;
500330;15;12;;8;6;
500345;16;1;1;4;2;
500348;4;1;;2;1;
500350;2;;;;;
500370;32;15;5;30;54;
500375;8;2;1;3;6;
500380;26;6;;24;11;2
500390;4;;;2;2;
500400;1;;;1;;
500410;;1;;1;;
500430;2;;;;1;
500440;3;;;2;1;
500450;4;;;;;
500460;17;3;;4;4;
500470;36;6;2;40;8;
500490;5;;;3;2;
500500;13;9;1;2;1;
500510;1;;;;;
500515;4;2;;1;1;
500520;2;5;1;2;2;
500525;31;4;2;2;2;
500540;40;13;1;13;3;
500560;28;11;;3;2;1
500568;;;;1;;
500570;27;10;;14;9;
500580;24;11;5;2;12;
500600;12;5;;2;2;
500620;47;33;2;34;52;1
500625;2;;;;;
500627;18;2;;3;1;
500630;53;24;1;43;30;
500635;6;1;;2;1;
500640;5;4;;;2;
500660;55;30;2;36;29;1
500690;7;;;;1;
500710;13;8;;4;8;
500720;24;3;1;16;5;
500730;1;;;;;
500740;11;2;;3;5;
500750;1;;;;3;
500755;3;1;;;1;
500769;42;12;4;5;33;1
500770;15;;;;;
500780;3;1;1;6;7;
500790;62;17;1;13;48;5
500793;17;6;2;;9;
500795;11;4;1;4;1;
500797;2;1;;3;2;
500800;9;2;;1;5;1
500830;26;69;19;107;44;1
500840;14;1;;3;4;
510010;3;5;;4;2;
510020;2;;;;;
510025;9;3;1;14;3;
510030;5;1;;1;;
510040;3;1;;1;;
510050;;1;;;;
510080;1;;;;;
510100;6;1;;1;3;
510125;9;4;1;4;20;
510130;6;3;;1;8;1
510140;9;4;;3;1;
510160;1;;;;;
510170;12;5;;8;6;
510180;56;62;1;77;68;1
510185;3;;;;1;
510190;27;5;;5;2;
510250;29;10;;12;8;
510260;11;5;2;2;3;
510263;27;2;10;2;3;
510267;40;14;3;11;9;
510268;23;4;1;5;1;
510269;6;;;1;;
510270;29;3;6;5;2;
510279;6;1;;3;;
510285;6;2;;1;;
510300;2;2;;3;4;
510305;12;2;1;5;4;1
510310;3;;;;;
510320;4;3;5;2;15;
510325;20;7;1;6;4;
510330;7;4;;;1;
510335;5;2;;1;9;
510336;1;1;;;;
510337;1;;;;;
510340;50;60;9;179;121;2
510343;2;;;1;1;
510350;4;1;;;3;
510360;2;;;1;;
510370;9;7;;5;1;
510380;1;;;;1;
510385;1;1;;1;;
510390;2;;;;;
510395;;;;1;;
510410;16;12;2;21;11;
510420;21;;1;2;;
510450;2;;1;;;
510452;1;1;;;;
510454;9;3;;1;;
510455;9;2;;2;1;
510460;5;1;;;;
510480;3;1;1;2;2;
510490;2;;;2;1;
510500;2;;;1;;
510510;17;8;;5;28;
510515;7;8;;9;10;
510517;30;5;2;6;13;
510520;;;;1;;
510523;9;1;;;;
510525;29;8;1;18;23;
510550;;1;;1;2;
510558;32;6;;9;6;
510560;8;3;;6;17;
510562;5;1;;3;21;
510590;3;;;;;
510600;4;;;1;4;
510610;1;2;;1;2;
510615;14;3;;2;;
510618;3;;;;1;
510619;15;3;2;;;
510620;;;;1;;
510621;7;1;;;1;
510622;76;22;4;28;55;
510623;6;1;;2;;
510624;97;3;1;5;2;
510625;10;;;3;18;
510626;5;2;;;5;
510627;9;2;1;1;3;
510628;9;2;;1;1;
510629;8;1;;2;;
510630;14;;;1;22;
510637;5;;;1;4;
510642;20;1;;9;53;
510645;27;1;;3;1;
510650;24;5;;6;6;1
510665;8;4;;7;2;
510670;1;;;1;1;
510675;4;;;;2;2
510677;2;1;;1;;
510680;4;;;;;
510682;3;1;;1;2;
510685;2;;;;;
510700;10;;;7;1;
510704;79;29;3;26;17;
510706;17;2;;;;
510710;2;1;;;2;
510715;4;;;;;
510718;19;5;2;1;;
510719;7;2;;;3;
510720;5;1;;3;1;
510724;8;4;;4;3;
510726;1;;;;1;
510729;15;4;;1;;
510730;6;;;;2;
510735;7;;;1;;
510740;;1;;;;
510757;3;;;;;
510760;43;17;4;38;11;
510770;3;;;1;;
510774;3;;;;1;
510775;;;;1;;
510776;1;;;1;1;
510777;2;;;;1;
510779;33;1;;;;
510780;5;1;;1;1;
510785;1;;;1;;
510787;13;;;;1;
510790;93;56;11;91;64;
510792;129;20;1;75;13;
510794;6;;;;1;
510795;15;9;;17;8;1
510800;24;2;1;5;2;
510805;5;;1;1;1;
510810;3;2;;2;;
510820;4;;;2;;
510830;1;;;1;;1
510835;1;;;;;
510840;17;49;8;118;110;3
510850;6;2;;3;1;
510860;1;;;2;;
510880;7;1;2;1;;
510885;2;;;1;8;
510890;2;;;1;;
510895;5;;;;;
520005;6;5;1;7;5;
520010;3;5;;3;4;
520013;148;23;2;39;26;2
520015;;1;;;;
520017;11;1;;1;1;
520020;3;;;1;;
520025;8;18;1;115;34;9
520030;5;5;;12;10;
520050;1;1;;1;;
520055;;1;;1;;
520060;1;6;;7;2;
520080;;;;1;;
520082;1;;;1;;
520085;2;1;;2;;1
520090;1;;;3;;
520110;179;146;8;560;297;23
520120;1;;;1;;
520130;6;3;;4;9;
520140;45;75;18;302;173;32
520145;1;;;;;
520150;32;9;3;7;5;
520160;2;;;;2;1
520170;3;3;1;7;7;
520180;4;1;2;6;7;1
520215;9;1;1;;1;1
520235;2;2;;;;
520250;;;;;1;
520260;3;;;;;
520280;2;;;3;;
520320;38;10;;7;24;
520330;43;13;1;28;11;3
520340;4;3;;6;;
520350;18;5;;15;5;2
520355;2;1;;1;1;
520357;1;;;;;
520360;3;2;;1;3;
520380;3;3;;;;
520390;18;4;15;11;10;
520393;2;;;;;
520396;2;;;1;;
520400;37;;;4;4;
520410;10;2;;2;25;
520420;1;;;;;7
520425;2;1;1;2;2;
520430;14;9;4;5;10;2
520440;32;6;;8;2;
520450;17;10;;49;31;3
520455;1;1;4;2;;
520460;3;;;1;1;1
520465;4;2;;1;;
520470;;2;6;3;;
520480;2;1;;2;;
520485;5;1;1;8;1;1
520490;2;;;11;2;
520495;1;1;;1;;
520500;19;3;;17;7;
520505;13;1;1;3;3;
520510;35;20;2;42;64;3
520520;3;1;2;2;2;
520530;1;2;3;1;1;
520540;18;11;1;21;10;1
520545;3;4;;2;10;
520547;32;5;1;4;9;
520549;9;4;1;24;18;
520551;12;6;1;12;6;1
520570;3;1;4;2;1;
520580;29;2;3;10;4;
520590;8;3;;6;4;
520620;199;20;4;61;36;1
520630;3;1;;2;3;
520640;2;3;;8;1;
520650;2;;;1;;
520660;2;;7;3;1;
520680;2;;;2;;
520690;1;;;1;2;
520710;6;;;;;
520725;14;;;;1;
520735;2;1;;1;;
520740;24;;1;7;;1
520750;;;;1;1;
520753;3;;;;;
520760;1;;;;;
520780;4;2;;2;;1
520790;21;;;5;4;
520800;265;53;10;272;142;9
520810;3;2;1;3;1;
520815;16;3;3;7;2;
520830;1;;;1;;
520840;44;3;;15;17;
520850;2;1;;10;;
520860;21;12;;44;11;
520870;149;258;97;669;446;93
520880;30;33;3;56;66;6
520890;13;5;;19;12;4
520910;119;40;7;35;56;1
520915;4;2;;7;;
520920;6;1;1;5;8;
520940;2;;;;;
520945;2;;1;4;;
520970;13;4;1;9;10;2
520980;;;1;2;1;
520990;10;6;;4;3;
520993;8;2;7;1;1;
520995;6;;;5;;
521000;12;8;;42;19;2
521010;50;16;;29;22;1
521015;8;1;;2;1;1
521020;12;8;;7;11;
521040;39;15;;65;33;2
521056;9;1;;1;1;
521060;2;1;4;4;;
521080;9;1;;;3;
521090;13;2;1;6;2;
521100;1;;;;2;
521120;6;8;;5;2;
521130;6;;;2;1;
521140;;1;;6;4;
521150;14;16;;43;15;
521160;5;;;2;1;
521170;11;2;;1;1;
521180;11;7;3;31;7;3
521190;288;94;35;157;104;2
521200;1;;;;;
521205;1;;1;1;;
521210;11;;;5;;
521220;8;4;1;5;12;
521225;;;1;;;
521230;15;;;3;1;
521250;23;39;1;185;38;3
521260;;;;1;;
521270;4;;;1;;
521280;;;;;1;1
521290;4;1;;2;1;
521295;2;;;;;
521300;39;;;2;3;
521305;1;;;;;
521308;35;19;;46;17;
521310;51;29;1;43;67;2
521340;;;;1;;
521350;1;;;1;;
521370;10;1;;8;1;
521375;41;3;;9;11;2
521377;;;;1;1;
521380;53;16;1;41;41;
521385;3;;;;2;1
521390;5;1;;1;1;
521400;;;;3;51;
521405;3;;;;1;
521410;2;;;;;
521440;2;;;5;1;
521450;5;1;1;6;16;
521460;5;3;;15;4;1
521470;1;4;1;3;1;
521480;1;;;;;
521483;10;3;;2;1;
521486;10;3;;10;1;
521487;;;;1;2;
521500;15;5;;5;25;2
521520;;;;1;;
521523;1;4;1;52;16;
521525;1;;;2;;
521530;10;2;1;4;6;
521540;10;2;;2;5;
521550;3;;;2;;1
521560;14;10;;18;2;
521565;3;2;;;1;
521570;12;3;;6;13;2
521580;1;;;;3;
521600;9;2;2;1;;
521630;56;19;2;23;22;
521640;24;2;1;6;3;
521645;8;1;1;;1;
521680;2;1;;1;1;
521690;4;;;;;
521710;64;17;1;24;15;1
521720;8;1;;2;1;
521730;29;26;;29;63;1
521740;17;9;;27;50;
521760;17;8;1;58;12;1
521770;10;4;;3;6;
521800;11;4;;14;6;1
521805;5;1;;;1;
521810;3;;;2;2;
521830;17;2;1;16;3;
521839;3;1;;1;1;
521850;8;1;;5;1;2
521860;4;2;;7;2;
521870;6;1;;2;4;
521878;2;;;1;;
521880;274;110;2;205;259;11
521890;12;2;2;29;4;1
521900;1;1;;;;
521910;5;1;;4;4;
521920;5;;;1;1;
521925;8;1;;2;27;
521930;22;1;;30;7;
521935;10;3;;;1;
521940;1;;;;;
521945;6;1;;;;
521950;;;;3;;
521960;;;;1;;
521970;3;;;6;;
521971;34;5;;7;4;
521973;9;1;1;3;5;1
521975;2;6;1;17;2;
521980;4;3;;;;
521990;2;;;2;;
522000;14;2;;6;3;
522005;10;;1;1;;
522010;21;9;;18;36;3
522015;7;;;;1;
522020;11;8;;6;2;2
522026;6;;1;2;1;
522028;3;;;;;
522040;16;10;;14;10;1
522045;6;19;2;60;84;7
522050;4;2;;4;5;
522060;9;;1;3;1;
522068;1;;;2;;
522070;1;;;;;
522100;;;;1;1;
522108;;;;1;;
522119;5;;1;10;2;
522130;1;;1;;;
522140;23;31;4;84;53;6
522145;2;1;;1;;
522150;16;2;;6;5;
522155;9;;1;1;2;1
522160;38;12;;21;7;
522170;10;3;1;8;3;
522180;4;;;1;1;
522185;6;39;2;92;79;3
522190;4;;;1;;
522200;29;6;4;13;6;
522205;16;;;4;;
522220;7;4;;3;7;
522230;11;;;2;2;
530010;621;375;69;1631;907;85
